code,report_date,col1,col2,col3,col4,col5,col6,col7,col8,col9,col10,col11,col12,col13,col14,col15,col16,col17,col18,col19,col20,col21,col22,col23,col24,col25,col26,col27,col28,col29,col30,col31,col32,col33,col34,col35,col36,col37,col38,col39,col40,col41,col42,col43,col44,col45,col46,col47,col48,col49,col50,col51,col52,col53,col54,col55,col56,col57,col58,col59,col60,col61,col62,col63,col64,col65,col66,col67,col68,col69,col70,col71,col72,col73,col74,col75,col76,col77,col78,col79,col80,col81,col82,col83,col84,col85,col86,col87,col88,col89,col90,col91,col92,col93,col94,col95,col96,col97,col98,col99,col100,col101,col102,col103,col104,col105,col106,col107,col108,col109,col110,col111,col112,col113,col114,col115,col116,col117,col118,col119,col120,col121,col122,col123,col124,col125,col126,col127,col128,col129,col130,col131,col132,col133,col134,col135,col136,col137,col138,col139,col140,col141,col142,col143,col144,col145,col146,col147,col148,col149,col150,col151,col152,col153,col154,col155,col156,col157,col158,col159,col160,col161,col162,col163,col164,col165,col166,col167,col168,col169,col170,col171,col172,col173,col174,col175,col176,col177,col178,col179,col180,col181,col182,col183,col184,col185,col186,col187,col188,col189,col190,col191,col192,col193,col194,col195,col196,col197,col198,col199,col200,col201,col202,col203,col204,col205,col206,col207,col208,col209,col210,col211,col212,col213,col214,col215,col216,col217,col218,col219,col220,col221,col222,col223,col224,col225,col226,col227,col228,col229,col230,col231,col232,col233,col234,col235,col236,col237,col238,col239,col240,col241,col242,col243,col244,col245,col246,col247,col248,col249,col250,col251,col252,col253,col254,col255,col256,col257,col258,col259,col260,col261,col262,col263,col264,col265,col266,col267,col268,col269,col270,col271,col272,col273,col274,col275,col276,col277,col278,col279,col280,col281,col282,col283,col284,col285,col286,col287,col288,col289,col290,col291,col292,col293,col294,col295,col296,col297,col298,col299,col300,col301,col302,col303,col304,col305,col306,col307,col308,col309,col310,col311,col312,col313,col314,col315,col316,col317,col318,col319,col320,col321,col322,col323,col324,col325,col326,col327,col328,col329,col330,col331,col332,col333,col334,col335,col336,col337,col338,col339,col340,col341,col342,col343,col344,col345,col346,col347,col348,col349,col350,col351,col352,col353,col354,col355,col356,col357,col358,col359,col360,col361,col362,col363,col364,col365,col366,col367,col368,col369,col370,col371,col372,col373,col374,col375,col376,col377,col378,col379,col380,col381,col382,col383,col384,col385,col386,col387,col388,col389,col390,col391,col392,col393,col394,col395,col396,col397,col398,col399,col400,col401,col402,col403,col404,col405,col406,col407,col408,col409,col410,col411,col412,col413,col414,col415,col416,col417,col418,col419,col420,col421,col422,col423,col424,col425,col426,col427,col428,col429,col430,col431,col432,col433,col434,col435,col436,col437,col438,col439,col440,col441,col442,col443,col444,col445,col446,col447,col448,col449,col450,col451,col452,col453,col454,col455,col456,col457,col458,col459,col460,col461,col462,col463,col464,col465,col466,col467,col468,col469,col470,col471,col472,col473,col474,col475,col476,col477,col478,col479,col480,col481,col482,col483,col484,col485,col486,col487,col488,col489,col490,col491,col492,col493,col494,col495,col496,col497,col498,col499,col500,col501,col502,col503,col504,col505,col506,col507,col508,col509,col510,col511,col512,col513,col514,col515,col516,col517,col518,col519,col520,col521,col522,col523,col524,col525,col526,col527,col528,col529,col530,col531,col532,col533,col534,col535,col536,col537,col538,col539,col540,col541,col542,col543,col544,col545,col546,col547,col548,col549,col550,col551,col552,col553,col554,col555,col556,col557,col558,col559,col560,col561,col562,col563,col564,col565,col566,col567,col568,col569,col570,col571,col572,col573,col574,col575,col576,col577,col578,col579,col580
000001,20010331,0.0,0.0,0.025599999353289604,0.0,0.807699978351593,0.0,0.0,0.0,0.0,0.0,446907488.0,0.0,0.0,0.0,0.0,0.0,0.0,0.0,0.0,0.0,83533234176.0,0.0,0.0,0.0,0.0,0.0,1763256960.0,475151136.0,0.0,0.0,0.0,0.0,35662984.0,0.0,0.0,214034896.0,0.0,0.0,0.0,120126980096.0,0.0,0.0,0.0,384039488.0,0.0,149395472.0,202395376.0,0.0,314699456.0,0.0,0.0,0.0,0.0,82169413632.0,0.0,0.0,0.0,0.0,0.0,0.0,0.0,0.0,116499316736.0,1945822208.0,1571729408.0,60354064.0,0.0,49763236.0,0.0,0.0,0.0,3627668736.0,120126980096.0,725005440.0,256800944.0,49850196.0,233800032.0,0.0,0.0,0.0,0.0,0.0,27071572.0,0.0,0.0,161775632.0,0.0,886717.0,3156791.0,0.0,0.0,159505568.0,20677124.0,0.0,138828432.0,138828432.0,0.0,0.0,0.0,0.0,0.0,0.0,0.0,0.0,0.0,0.0,0.0,0.0,0.0,0.0,0.0,0.0,0.0,0.0,0.0,0.0,0.0,0.0,0.0,0.0,0.0,0.0,0.0,0.0,0.0,0.0,0.0,0.0,0.0,0.0,0.0,0.0,0.0,0.0,0.0,0.0,0.0,0.0,0.0,0.0,0.0,0.0,0.0,0.0,0.0,0.0,0.0,0.0,0.0,0.0,0.0,0.0,0.0,0.0,0.0,0.0,0.0,0.0,0.0,0.0,0.0,0.0,0.0,0.0,0.0,0.0,33.11000061035156,3.109999895095825,1.5099999904632568,0.0,0.0,0.0,0.0,0.0,0.0,0.0,0.0,0.0,0.0,0.0,0.0,0.0,0.0,0.0,0.0,0.0,0.0,0.0,0.0,0.0,0.0,0.0,25.690000534057617,22.309999465942383,0.0,0.0,0.0,0.0,19.149999618530273,0.0,0.0,64.58000183105469,0.0,0.0,0.0,0.0,159505568.0,0.0,0.0,0.0,0.0,0.0,0.0,0.0,0.0,3.0299999713897705,3.130000114440918,1.5199999809265137,0.0,0.0,0.0,0.0,0.0,0.0,0.0,0.0,0.0,0.0,0.0,725005440.0,161775632.0,138828432.0,0.0,0.0,0.0,0.0,0.0,1945822208.0,1393124736.0,0.0,0.0,0.0,0.0,0.0,0.0,0.0,0.0,0.0,0.0,0.0,0.0,0.0,0.0,0.0,0.0,0.0,0.0,0.0,0.0,0.0,0.0,0.0,0.0,0.0,0.0,0.0,0.0,0.0,0.0,0.0,3627668736.0,0.0,0.0,0.0,0.0,0.0,0.0,0.0,0.0,0.0,0.0,0.0,0.0,0.0,0.0,0.0,0.0,0.0,0.0,0.0,0.0,0.0,0.0,0.0,0.0,0.0,0.0,0.0,0.0,0.0,0.0,0.0,0.0,0.0,0.0,0.0,0.0,0.0,0.0,0.0,0.0,0.0,0.0,31201.0,0.0,0.0,0.0,0.0,0.0,0.0,0.07000000029802322,0.07000000029802322,0.0,13882.83984375,0.0,0.0,99.63999938964844,25680.099609375,0.0,0.0,0.0,0.0,0.0,0.0,0.0,0.0,0.0,0.0,0.0,0.0,0.0,0.0,0.0,0.0,0.0,0.0,0.0,0.0,0.0,0.0,0.0,0.0,0.0,0.0,0.0,0.0,0.0,0.0,0.0,0.0,0.0,0.0,0.0,0.0,0.0,0.0,0.0,0.0,0.0,0.0,0.0,0.0,0.0,0.0,0.0,0.0,0.0,0.0,0.0,0.0,0.0,0.0,0.0,0.0,0.0,0.0,0.0,0.0,0.0,0.0,0.0,0.0,0.0,0.0,0.0,0.0,0.0,0.0,0.0,0.0,0.0,0.0,0.0,0.0,0.0,0.0,0.0,0.0,0.0,0.0,0.0,0.0,0.0,0.0,0.0,0.0,0.0,0.0,0.0,0.0,0.0,0.0,0.0,0.0,0.0,0.0,0.0,0.0,0.0,0.0,0.0,0.0,0.0,0.0,0.0,0.0,0.0,0.0,0.0,0.0,0.0,0.0,0.0,0.0,0.0,0.0,0.0,0.0,0.0,0.0,0.0,0.0,0.0,0.0,0.0,0.0,0.0,0.0,0.0,0.0,0.0,0.0,0.0,0.0,0.0,0.0,0.0,0.0,0.0,0.0,0.0,0.0,0.0,0.0,0.0,0.0,0.0,0.0,0.0,0.0,0.0,0.0,0.0,0.0,0.0,0.0,0.0,0.0,0.0,0.0,0.0,0.0,0.0,0.0,0.0,0.0,0.0,0.0,0.0,0.0,0.0,0.0,0.0,0.0,0.0,0.0,0.0,0.0,0.0,0.0,0.0,0.0,0.0,0.0,0.0,0.0,0.0,0.0,0.0,0.0,0.0,0.0,0.0,0.0,0.0,0.0,0.0,0.0,0.0,0.0,0.0,0.0,0.0,0.0,0.0,0.0,0.0,0.0,0.0,0.0,0.0,0.0,0.0,0.0,0.0,0.0,0.0,0.0,0.0,0.0,0.0,0.0,0.0,0.0,0.0,0.0,0.0,0.0,0.0,0.0,0.0,0.0,0.0,0.0,0.0,0.0,0.0,0.0,0.0,0.0,0.0,0.0,0.0,0.0,0.0,0.0,0.0,0.0,0.0,0.0
000011,20010331,-0.026000000536441803,0.0,0.0,0.5299999713897705,0.0,-4.960000038146973,0.0,2115730048.0,0.0,0.0,0.0,0.0,0.0,0.0,0.0,0.0,0.0,0.0,0.0,0.0,2115730048.0,0.0,0.0,0.0,0.0,0.0,0.0,0.0,0.0,0.0,0.0,0.0,102940000.0,0.0,0.0,0.0,0.0,0.0,490649984.0,2606370048.0,2223180032.0,0.0,0.0,0.0,0.0,0.0,0.0,0.0,0.0,0.0,0.0,0.0,0.0,2223180032.0,97370000.0,0.0,0.0,0.0,0.0,0.0,0.0,97370000.0,2320549888.0,0.0,0.0,0.0,0.0,0.0,36470000.0,0.0,0.0,285830016.0,2606370048.0,67550000.0,0.0,0.0,35050000.0,0.0,0.0,0.0,0.0,0.0,0.0,0.0,0.0,0.0,0.0,0.0,930000.0,0.0,0.0,0.0,140000.0,0.0,-14170000.0,-14170000.0,0.0,0.0,0.0,0.0,0.0,0.0,0.0,0.0,0.0,0.0,0.0,0.0,0.0,0.0,0.0,0.0,0.0,0.0,0.0,0.0,0.0,0.0,0.0,0.0,0.0,0.0,0.0,0.0,0.0,0.0,0.0,0.0,0.0,0.0,0.0,0.0,0.0,0.0,0.0,0.0,0.0,0.0,0.0,0.0,0.0,0.0,0.0,0.0,0.0,0.0,0.0,0.0,0.0,0.0,0.0,0.0,0.0,0.0,0.0,0.0,0.0,0.0,0.9520000219345093,0.9520000219345093,95.16699981689453,0.0,4.196000099182129,95.80400085449219,0.0,1584.8590087890625,9.119999885559082,12.319999694824219,91.16999816894531,0.0,0.0,0.0,0.0,0.0,0.026000000536441803,0.6420000195503235,0.0,0.0,0.03200000151991844,2815.0,3466.0,0.2630000114440918,0.0,0.0,-5.376999855041504,-100.0,0.4020000100135803,0.0,0.0,0.0,0.0,0.0,-40.43000030517578,0.0,0.0,0.0,-4.960000038146973,0.0,-20.979999542236328,-0.5450000166893005,-20.976999282836914,0.0,51.887001037597656,0.0,0.0,0.0,0.0,0.0,0.0,89.02999877929688,81.17500305175781,100.0,0.0,0.0,2283.22900390625,9.699999809265137,12.319999694824219,1032.969970703125,0.0,0.0,0.0,0.0,0.0,0.0,0.0,0.0,0.0,0.0,0.0,67550000.0,0.0,-14170000.0,0.0,0.0,0.0,0.0,0.0,541799168.0,91355000.0,61459312.0,0.0,0.0,0.0,0.0,0.0,0.0,0.0,0.0,0.0,0.0,0.0,0.0,0.0,0.0,0.0,0.0,0.0,0.0,0.0,0.0,0.0,0.0,0.0,0.0,0.0,0.0,0.0,0.0,0.0,0.0,249360000.0,0.0,0.0,0.0,0.0,0.0,0.0,0.0,0.0,0.0,0.0,0.0,0.0,0.0,0.0,0.0,0.0,0.0,0.0,0.0,0.0,0.0,0.0,0.0,0.0,0.0,0.0,0.0,0.0,0.0,0.0,0.0,0.0,0.0,0.0,0.0,0.0,0.0,0.0,0.0,-0.026000000536441803,0.0,0.0,10331.0,0.0,0.0,0.0,0.0,0.0,0.0,0.03999999910593033,0.03999999910593033,0.0,-1417.0,0.0,0.0,100.0,0.0,-0.7200000286102295,0.0,0.0,0.0,0.0,0.0,0.0,0.0,0.0,0.0,0.0,0.0,0.0,0.0,0.0,0.0,0.0,0.0,0.0,0.0,0.0,0.0,0.0,0.0,0.0,0.0,0.0,0.0,0.0,0.0,0.0,0.0,0.0,0.0,0.0,0.0,0.0,0.0,0.0,0.0,0.0,0.0,0.0,0.0,0.0,0.0,0.0,0.0,0.0,0.0,0.0,0.0,0.0,0.0,0.0,0.0,0.0,0.0,0.0,0.0,0.0,0.0,0.0,0.0,0.0,0.0,0.0,0.0,0.0,0.0,0.0,0.0,0.0,0.0,0.0,0.0,0.0,0.0,0.0,0.0,0.0,0.0,0.0,0.0,0.0,0.0,0.0,0.0,0.0,0.0,0.0,0.0,0.0,0.0,0.0,0.0,0.0,0.0,0.0,0.0,0.0,0.0,0.0,0.0,0.0,0.0,0.0,0.0,0.0,0.0,0.0,0.0,0.0,0.0,0.0,0.0,0.0,0.0,0.0,0.0,0.0,0.0,0.0,0.0,0.0,0.0,0.0,0.0,0.0,0.0,0.0,0.0,0.0,0.0,0.0,0.0,0.0,0.0,0.0,0.0,0.0,0.0,0.0,0.0,0.0,0.0,0.0,0.0,0.0,0.0,0.0,0.0,0.0,0.0,0.0,0.0,0.0,0.0,0.0,0.0,0.0,0.0,0.0,0.0,0.0,0.0,0.0,0.0,0.0,0.0,0.0,0.0,0.0,0.0,0.0,0.0,0.0,0.0,0.0,0.0,0.0,0.0,0.0,0.0,0.0,0.0,0.0,0.0,0.0,0.0,0.0,0.0,0.0,0.0,0.0,0.0,0.0,0.0,0.0,0.0,0.0,0.0,0.0,0.0,0.0,0.0,0.0,0.0,0.0,0.0,0.0,0.0,0.0,0.0,0.0,0.0,0.0,0.0,0.0,0.0,0.0,0.0,0.0,0.0,0.0,0.0,0.0,0.0,0.0,0.0,0.0,0.0,0.0,0.0,0.0,0.0,0.0,0.0,0.0,0.0,0.0,0.0,0.0,0.0,0.0,0.0,0.0,0.0,0.0,0.0,0.0,0.0
000025,20010331,0.0,0.0,0.0,0.0,0.0,0.0,0.0,0.0,0.0,0.0,0.0,0.0,0.0,0.0,0.0,0.0,0.0,0.0,0.0,0.0,318220000.0,0.0,0.0,0.0,59930000.0,0.0,0.0,0.0,0.0,0.0,0.0,0.0,0.0,0.0,0.0,0.0,0.0,0.0,73320000.0,757160000.0,0.0,0.0,0.0,0.0,13510000.0,1240000.0,0.0,0.0,0.0,0.0,0.0,0.0,0.0,641049984.0,24080000.0,0.0,0.0,0.0,0.0,0.0,0.0,24080000.0,665129984.0,220281600.0,0.0,0.0,0.0,0.0,5970000.0,0.0,0.0,86060000.0,757160000.0,27949486.0,19795498.0,503667.8125,978652.0625,9864373.0,0.0,4622573.0,0.0,0.0,1994750.0,0.0,0.0,-5820528.5,0.0,364089.8125,1059527.25,0.0,0.0,-6515965.5,60864.87109375,-151672.984375,-6728503.5,-6728503.5,151672.984375,0.0,0.0,0.0,0.0,0.0,0.0,0.0,0.0,0.0,0.0,0.0,0.0,0.0,0.0,0.0,0.0,0.0,0.0,0.0,0.0,0.0,0.0,0.0,0.0,0.0,0.0,0.0,0.0,0.0,0.0,0.0,0.0,0.0,0.0,0.0,0.0,0.0,0.0,0.0,0.0,0.0,0.0,0.0,0.0,0.0,0.0,0.0,0.0,0.0,0.0,0.0,0.0,0.0,0.0,0.0,0.0,0.0,0.0,0.0,0.0,0.0,0.0,0.0,0.0,-0.4099999964237213,0.0,0.0,0.0,0.0,8.800000190734863,12.9399995803833,0.0,0.0,0.0,0.0,0.0,0.0,0.0,0.0,0.0,0.0,0.0,0.0,0.0,0.0,0.0,59.279998779296875,0.0,0.0,0.0,0.0,65.0199966430664,0.0,0.0,0.0,-18.809999465942383,-20.829999923706055,0.0,0.0,0.0,0.0,-24.06999969482422,0.0,0.0,29.170000076293945,0.0,0.0,0.0,0.0,-1893392.875,0.0,0.0,0.0,0.0,0.0,0.0,0.0,0.0,10.960000038146973,13.229999542236328,0.0,0.0,0.0,0.0,0.0,0.0,0.0,0.0,0.0,0.0,0.0,0.0,27949486.0,-5820528.5,-6728503.5,0.0,0.0,0.0,0.0,0.0,220281600.0,34285048.0,26400000.0,0.0,0.0,0.0,0.0,0.0,0.0,0.0,0.0,0.0,0.0,0.0,0.0,0.0,0.0,0.0,0.0,0.0,0.0,0.0,0.0,0.0,0.0,0.0,0.0,0.0,0.0,0.0,0.0,0.0,0.0,80090000.0,0.0,0.0,0.0,0.0,-108589616.0,0.0,0.0,0.0,0.0,0.0,0.0,15335.5068359375,0.0,0.0,0.0,0.0,0.0,0.0,0.0,0.0,0.0,0.0,0.0,0.0,0.0,0.0,0.0,0.0,0.0,0.0,0.0,0.0,0.0,0.0,0.0,0.0,-10858.9599609375,0.0,0.0,0.0,0.0,10627.0,10331.0,0.0,0.0,0.0,0.0,0.0,0.0,-0.009999999776482582,-0.009999999776482582,-10481.400390625,-672.8499755859375,0.0,0.0,97.77999877929688,1979.550048828125,-1.0499999523162842,0.0,0.0,0.0,0.0,0.0,0.0,0.0,0.0,0.0,0.0,0.0,0.0,0.0,0.0,0.0,0.0,0.0,0.0,0.0,0.0,0.0,0.0,0.0,0.0,0.0,0.0,0.0,0.0,0.0,0.0,0.0,0.0,0.0,0.0,0.0,0.0,0.0,0.0,0.0,0.0,0.0,0.0,0.0,0.0,0.0,0.0,0.0,0.0,0.0,0.0,0.0,0.0,0.0,0.0,0.0,0.0,0.0,0.0,0.0,0.0,0.0,0.0,0.0,0.0,0.0,0.0,0.0,0.0,0.0,0.0,0.0,0.0,0.0,0.0,0.0,0.0,0.0,0.0,0.0,0.0,0.0,0.0,0.0,0.0,0.0,0.0,0.0,0.0,0.0,0.0,0.0,0.0,0.0,0.0,0.0,0.0,0.0,0.0,0.0,0.0,0.0,0.0,0.0,0.0,0.0,0.0,0.0,0.0,0.0,0.0,0.0,0.0,0.0,0.0,0.0,0.0,0.0,0.0,0.0,0.0,0.0,0.0,0.0,0.0,0.0,0.0,0.0,0.0,0.0,0.0,0.0,0.0,0.0,0.0,0.0,0.0,0.0,0.0,0.0,0.0,0.0,0.0,0.0,0.0,0.0,0.0,0.0,0.0,0.0,0.0,0.0,0.0,0.0,0.0,0.0,0.0,0.0,0.0,0.0,0.0,0.0,0.0,0.0,0.0,0.0,0.0,0.0,0.0,0.0,0.0,0.0,0.0,0.0,0.0,0.0,0.0,0.0,0.0,0.0,0.0,0.0,0.0,0.0,0.0,0.0,0.0,0.0,0.0,0.0,0.0,0.0,0.0,0.0,0.0,0.0,0.0,0.0,0.0,0.0,0.0,0.0,0.0,0.0,0.0,0.0,0.0,0.0,0.0,0.0,0.0,0.0,0.0,0.0,0.0,0.0,0.0,0.0,0.0,0.0,0.0,0.0,0.0,0.0,0.0,0.0,0.0,0.0,0.0,0.0,0.0,0.0,0.0,0.0,0.0,0.0,0.0,0.0,0.0,0.0,0.0,0.0,0.0,0.0,0.0,0.0,0.0,0.0,0.0,0.0,0.0,0.0
000030,20010331,-0.026000000536441803,0.0,0.0,0.2800000011920929,0.0,-9.010000228881836,0.0,0.0,0.0,0.0,0.0,0.0,0.0,0.0,0.0,0.0,0.0,0.0,0.0,0.0,971326016.0,0.0,0.0,0.0,0.0,0.0,0.0,0.0,0.0,0.0,0.0,0.0,0.0,0.0,0.0,0.0,0.0,0.0,181617792.0,1405926528.0,0.0,0.0,0.0,0.0,0.0,0.0,0.0,0.0,0.0,0.0,0.0,0.0,0.0,1272269824.0,0.0,0.0,0.0,0.0,0.0,0.0,0.0,0.0,1272269824.0,0.0,0.0,0.0,0.0,0.0,50970600.0,0.0,0.0,82686096.0,1405926528.0,119370496.0,0.0,0.0,17270900.0,0.0,0.0,0.0,0.0,0.0,-1500000.0,0.0,0.0,-3175100.0,0.0,1296100.0,0.0,0.0,0.0,-1879000.0,1475500.0,-4097000.0,-7451500.0,-7451500.0,4097000.0,0.0,0.0,0.0,0.0,0.0,0.0,0.0,0.0,0.0,0.0,0.0,0.0,0.0,0.0,0.0,0.0,0.0,0.0,0.0,0.0,0.0,0.0,0.0,0.0,0.0,0.0,0.0,0.0,0.0,0.0,0.0,0.0,0.0,0.0,0.0,0.0,0.0,0.0,0.0,0.0,0.0,0.0,0.0,0.0,0.0,0.0,0.0,0.0,0.0,0.0,0.0,0.0,0.0,0.0,0.0,0.0,0.0,0.0,0.0,0.0,0.0,0.7630000114440918,0.7630000114440918,0.0,0.0,0.0,100.0,0.0,4011.508056640625,17.0,6.5,0.0,0.0,0.0,0.0,0.0,0.0,0.08399999886751175,0.0,0.0,0.0,0.12099999934434891,742.0,1072.0,4.3460001945495605,0.0,0.0,36.584999084472656,0.0,-2.25,0.0,0.0,0.0,0.0,0.0,-43.13999938964844,-2.6600000858306885,0.0,0.0,-9.010000228881836,0.0,-6.239999771118164,-0.5239999890327454,-6.242000102996826,0.0,14.468000411987305,0.0,0.0,0.0,-1879000.0,0.0,0.0,90.48999786376953,69.08799743652344,0.0,0.0,0.0,0.0,2.430000066757202,6.5,0.0,0.0,0.0,0.0,0.0,0.0,0.0,0.0,0.0,0.0,0.0,0.0,119370496.0,-3175100.0,-7451500.0,0.0,0.0,0.0,0.0,0.0,288420000.0,40260000.0,39600000.0,0.0,0.0,0.0,0.0,0.0,0.0,0.0,0.0,0.0,0.0,0.0,0.0,0.0,0.0,0.0,0.0,0.0,0.0,0.0,0.0,0.0,0.0,0.0,0.0,0.0,0.0,0.0,0.0,0.0,0.0,31715500.0,0.0,0.0,0.0,0.0,0.0,0.0,0.0,0.0,0.0,0.0,0.0,0.0,0.0,0.0,0.0,0.0,0.0,0.0,0.0,0.0,0.0,0.0,0.0,0.0,0.0,0.0,0.0,0.0,0.0,0.0,0.0,0.0,0.0,0.0,0.0,0.0,0.0,0.0,0.0,-0.026000000536441803,0.0,10727.0,10331.0,0.0,0.0,0.0,0.0,0.0,0.0,-0.09000000357627869,-0.09000000357627869,0.0,-745.1500244140625,0.0,0.0,100.0,0.0,-0.6399999856948853,0.0,0.0,0.0,0.0,0.0,0.0,0.0,0.0,0.0,0.0,0.0,0.0,0.0,0.0,0.0,0.0,0.0,0.0,0.0,0.0,0.0,0.0,0.0,0.0,0.0,0.0,0.0,0.0,0.0,0.0,0.0,0.0,0.0,0.0,0.0,0.0,0.0,0.0,0.0,0.0,0.0,0.0,0.0,0.0,0.0,0.0,0.0,0.0,0.0,0.0,0.0,0.0,0.0,0.0,0.0,0.0,0.0,0.0,0.0,0.0,0.0,0.0,0.0,0.0,0.0,0.0,0.0,0.0,0.0,0.0,0.0,0.0,0.0,0.0,0.0,0.0,0.0,0.0,0.0,0.0,0.0,0.0,0.0,0.0,0.0,0.0,0.0,0.0,0.0,0.0,0.0,0.0,0.0,0.0,0.0,0.0,0.0,0.0,0.0,0.0,0.0,0.0,0.0,0.0,0.0,0.0,0.0,0.0,0.0,0.0,0.0,0.0,0.0,0.0,0.0,0.0,0.0,0.0,0.0,0.0,0.0,0.0,0.0,0.0,0.0,0.0,0.0,0.0,0.0,0.0,0.0,0.0,0.0,0.0,0.0,0.0,0.0,0.0,0.0,0.0,0.0,0.0,0.0,0.0,0.0,0.0,0.0,0.0,0.0,0.0,0.0,0.0,0.0,0.0,0.0,0.0,0.0,0.0,0.0,0.0,0.0,0.0,0.0,0.0,0.0,0.0,0.0,0.0,0.0,0.0,0.0,0.0,0.0,0.0,0.0,0.0,0.0,0.0,0.0,0.0,0.0,0.0,0.0,0.0,0.0,0.0,0.0,0.0,0.0,0.0,0.0,0.0,0.0,0.0,0.0,0.0,0.0,0.0,0.0,0.0,0.0,0.0,0.0,0.0,0.0,0.0,0.0,0.0,0.0,0.0,0.0,0.0,0.0,0.0,0.0,0.0,0.0,0.0,0.0,0.0,0.0,0.0,0.0,0.0,0.0,0.0,0.0,0.0,0.0,0.0,0.0,0.0,0.0,0.0,0.0,0.0,0.0,0.0,0.0,0.0,0.0,0.0,0.0,0.0,0.0,0.0,0.0,0.0,0.0,0.0,0.0
000411,20010331,-0.08290000259876251,0.0,0.0,0.30000001192092896,0.0,-27.270000457763672,0.0,0.0,0.0,0.0,0.0,0.0,0.0,0.0,0.0,0.0,0.0,0.0,0.0,0.0,53740000.0,0.0,0.0,0.0,0.0,0.0,0.0,0.0,0.0,0.0,0.0,0.0,0.0,0.0,0.0,0.0,0.0,0.0,26990000.0,287289984.0,0.0,0.0,0.0,0.0,0.0,0.0,0.0,0.0,0.0,0.0,0.0,0.0,0.0,257060000.0,0.0,0.0,0.0,0.0,0.0,0.0,0.0,-6620000.0,250440000.0,0.0,0.0,0.0,0.0,0.0,1820000.0,0.0,0.0,35030000.0,287289984.0,10390000.0,0.0,0.0,7420000.0,0.0,0.0,0.0,0.0,0.0,0.0,0.0,0.0,0.0,0.0,0.0,190000.0,0.0,0.0,0.0,100000.0,0.0,-9550000.0,-9550000.0,0.0,0.0,0.0,0.0,0.0,0.0,0.0,0.0,0.0,0.0,0.0,0.0,0.0,0.0,0.0,0.0,0.0,0.0,0.0,0.0,0.0,0.0,0.0,0.0,0.0,0.0,0.0,0.0,0.0,0.0,0.0,0.0,0.0,0.0,0.0,0.0,0.0,0.0,0.0,0.0,0.0,0.0,0.0,0.0,0.0,0.0,0.0,0.0,0.0,0.0,0.0,0.0,0.0,0.0,0.0,0.0,0.0,0.0,0.0,0.0,0.0,0.0,0.20900000631809235,0.20900000631809235,0.0,0.0,-2.6429998874664307,102.64299774169922,0.0,754.1099853515625,8.199999809265137,13.989999771118164,0.0,0.0,0.0,0.6899999976158142,0.0,0.0,0.035999998450279236,0.11599999666213989,130.0,0.0,0.19099999964237213,472.0,2510.0,0.27399998903274536,0.0,59.22999954223633,-22.280000686645508,-100.0,-1.715000033378601,0.0,100.0,0.0,0.0,0.0,-128.7100067138672,0.0,0.0,0.0,-27.270000457763672,0.0,-91.91999816894531,-3.2950000762939453,-91.91500091552734,0.0,71.41500091552734,0.0,0.0,0.0,0.0,0.0,0.0,87.16999816894531,18.70599937438965,0.0,0.0,0.0,-3883.08203125,11.4399995803833,13.630000114440918,0.0,0.0,0.0,0.0,0.0,0.0,0.0,0.0,0.0,0.0,0.0,0.0,10390000.0,0.0,-9550000.0,0.0,0.0,0.0,0.0,0.0,115249968.0,31512940.0,0.0,0.0,0.0,0.0,0.0,0.0,0.0,0.0,0.0,0.0,0.0,0.0,0.0,0.0,0.0,0.0,0.0,0.0,0.0,0.0,0.0,0.0,0.0,0.0,0.0,0.0,0.0,0.0,0.0,0.0,0.0,33210000.0,0.0,0.0,0.0,0.0,-59792244.0,0.0,0.0,0.0,0.0,0.0,0.0,9734.0693359375,0.0,0.0,0.0,0.0,0.0,0.0,0.0,0.0,0.0,0.0,0.0,0.0,0.0,0.0,0.0,0.0,0.0,0.0,0.0,0.0,0.0,0.0,0.0,0.0,-5979.22021484375,0.0,0.0,-0.08290000259876251,0.0,10710.0,10331.0,0.0,0.0,0.0,0.0,0.0,0.0,0.05000000074505806,0.05000000074505806,-2789.14990234375,-955.0,0.0,0.0,102.63999938964844,0.0,-3.490000009536743,0.0,0.0,0.0,0.0,0.0,0.0,0.0,0.0,0.0,0.0,0.0,0.0,0.0,0.0,0.0,0.0,0.0,0.0,0.0,0.0,0.0,0.0,0.0,0.0,0.0,0.0,0.0,0.0,0.0,0.0,0.0,0.0,0.0,0.0,0.0,0.0,0.0,0.0,0.0,0.0,0.0,0.0,0.0,0.0,0.0,0.0,0.0,0.0,0.0,0.0,0.0,0.0,0.0,0.0,0.0,0.0,0.0,0.0,0.0,0.0,0.0,0.0,0.0,0.0,0.0,0.0,0.0,0.0,0.0,0.0,0.0,0.0,0.0,0.0,0.0,0.0,0.0,0.0,0.0,0.0,0.0,0.0,0.0,0.0,0.0,0.0,0.0,0.0,0.0,0.0,0.0,0.0,0.0,0.0,0.0,0.0,0.0,0.0,0.0,0.0,0.0,0.0,0.0,0.0,0.0,0.0,0.0,0.0,0.0,0.0,0.0,0.0,0.0,0.0,0.0,0.0,0.0,0.0,0.0,0.0,0.0,0.0,0.0,0.0,0.0,0.0,0.0,0.0,0.0,0.0,0.0,0.0,0.0,0.0,0.0,0.0,0.0,0.0,0.0,0.0,0.0,0.0,0.0,0.0,0.0,0.0,0.0,0.0,0.0,0.0,0.0,0.0,0.0,0.0,0.0,0.0,0.0,0.0,0.0,0.0,0.0,0.0,0.0,0.0,0.0,0.0,0.0,0.0,0.0,0.0,0.0,0.0,0.0,0.0,0.0,0.0,0.0,0.0,0.0,0.0,0.0,0.0,0.0,0.0,0.0,0.0,0.0,0.0,0.0,0.0,0.0,0.0,0.0,0.0,0.0,0.0,0.0,0.0,0.0,0.0,0.0,0.0,0.0,0.0,0.0,0.0,0.0,0.0,0.0,0.0,0.0,0.0,0.0,0.0,0.0,0.0,0.0,0.0,0.0,0.0,0.0,0.0,0.0,0.0,0.0,0.0,0.0,0.0,0.0,0.0,0.0,0.0,0.0,0.0,0.0,0.0,0.0,0.0,0.0,0.0,0.0,0.0,0.0,0.0,0.0,0.0,0.0,0.0,0.0,0.0,0.0
000523,20010331,0.006800000090152025,0.0,0.015300000086426735,2.2200000286102295,0.7200999855995178,0.3100000023841858,0.0,95822192.0,0.0,0.0,106293432.0,216620.40625,11364455.0,0.0,0.0,0.0,90326648.0,0.0,50000.0,0.0,295093088.0,0.0,0.0,0.0,188478176.0,0.0,186933936.0,0.0,0.0,0.0,0.0,0.0,14653717.0,0.0,0.0,1071499.625,0.0,0.0,391137344.0,647774784.0,40000000.0,0.0,0.0,30595266.0,1505577.0,25961126.0,4067294.25,0.0,0.0,17665526.0,0.0,0.0,0.0,119794792.0,0.0,0.0,17701374.0,0.0,0.0,141431.296875,0.0,17842806.0,137637600.0,229350624.0,165163904.0,112119560.0,0.0,3503069.75,0.0,0.0,0.0,510137152.0,647774784.0,128797280.0,100223368.0,945976.6875,16417410.0,8583580.0,0.0,321847.25,0.0,0.0,0.0,0.0,0.0,2305102.25,5291.0,11000.0,0.0,0.0,0.0,2321393.25,764313.75,0.0,1557079.5,1557079.5,0.0,0.0,0.0,0.0,0.0,0.0,0.0,0.0,0.0,0.0,0.0,0.0,0.0,0.0,0.0,0.0,0.0,0.0,0.0,0.0,0.0,0.0,0.0,0.0,0.0,0.0,0.0,0.0,0.0,0.0,0.0,0.0,0.0,0.0,0.0,0.0,0.0,0.0,0.0,0.0,0.0,0.0,0.0,0.0,0.0,0.0,0.0,0.0,0.0,0.0,0.0,0.0,0.0,0.0,0.0,0.0,0.0,0.0,0.0,0.0,0.0,0.0,2.4630000591278076,1.7089999914169312,79.98899841308594,8.210000038146973,12.96399974822998,87.03600311279297,0.0,27.777999877929688,1.2699999809265137,370.6400146484375,205.44000244140625,0.0,0.0,1.315000057220459,1.0520000457763672,0.6570000052452087,0.19900000095367432,0.6809999942779541,68.0,86.0,0.4059999883174896,222.0,453.0,0.2529999911785126,0.0,21.459999084472656,0.36800000071525574,-2.311000108718872,-0.2329999953508377,0.0,60.29999923706055,0.0,0.0,0.0,1.2300000190734863,1.7899999618530273,0.734000027179718,77.81500244140625,0.3100000023841858,0.0,1.2100000381469727,0.23999999463558197,1.2089999914169312,22.190000534057617,19.660999298095703,6.664000034332275,0.25,0.0,2643240.5,0.0,0.0,21.25,45.55500030517578,32.47200012207031,30.610000610351562,28.857999801635742,671.3900146484375,92.7300033569336,1275.3399658203125,-506.5299987792969,0.0,0.0,0.0,0.0,0.0,0.0,0.0,0.0,0.0,0.0,0.0,128797280.0,2305102.25,1557079.5,0.0,0.0,0.0,0.0,0.0,229350624.0,94186744.0,0.0,0.0,0.0,0.0,0.0,0.0,0.0,0.0,0.0,0.0,0.0,0.0,0.0,0.0,0.0,0.0,0.0,0.0,0.0,0.0,0.0,0.0,0.0,0.0,0.0,0.0,0.0,0.0,0.0,0.0,0.0,510137152.0,0.0,0.0,0.0,0.0,2707560.75,0.0,0.0,0.0,0.0,0.0,0.0,49597.4609375,0.0,0.0,0.0,0.0,0.0,0.0,0.0,0.0,0.0,0.0,0.0,0.0,0.0,0.0,0.0,0.0,0.0,0.0,0.0,0.0,0.0,0.0,0.0,0.0,270.760009765625,0.0,0.0,0.006800000090152025,0.0,0.0,10331.0,0.0,0.0,0.0,0.0,0.0,0.0,0.1899999976158142,0.1899999976158142,515.0,155.7100067138672,0.0,0.0,29.059999465942383,10022.33984375,0.2800000011920929,0.0,0.0,0.0,0.0,0.0,0.0,0.0,0.0,0.0,0.0,0.0,0.0,0.0,0.0,0.0,0.0,0.0,0.0,0.0,0.0,0.0,0.0,0.0,0.0,0.0,0.0,0.0,0.0,0.0,0.0,0.0,0.0,0.0,0.0,0.0,0.0,0.0,0.0,0.0,0.0,0.0,0.0,0.0,0.0,0.0,0.0,0.0,0.0,0.0,0.0,0.0,0.0,0.0,0.0,0.0,0.0,0.0,0.0,0.0,0.0,0.0,0.0,0.0,0.0,0.0,0.0,0.0,0.0,0.0,0.0,0.0,0.0,0.0,0.0,0.0,0.0,0.0,0.0,0.0,0.0,0.0,0.0,0.0,0.0,0.0,0.0,0.0,0.0,0.0,0.0,0.0,0.0,0.0,0.0,0.0,0.0,0.0,0.0,0.0,0.0,0.0,0.0,0.0,0.0,0.0,0.0,0.0,0.0,0.0,0.0,0.0,0.0,0.0,0.0,0.0,0.0,0.0,0.0,0.0,0.0,0.0,0.0,0.0,0.0,0.0,0.0,0.0,0.0,0.0,0.0,0.0,0.0,0.0,0.0,0.0,0.0,0.0,0.0,0.0,0.0,0.0,0.0,0.0,0.0,0.0,0.0,0.0,0.0,0.0,0.0,0.0,0.0,0.0,0.0,0.0,0.0,0.0,0.0,0.0,0.0,0.0,0.0,0.0,0.0,0.0,0.0,0.0,0.0,0.0,0.0,0.0,0.0,0.0,0.0,0.0,0.0,0.0,0.0,0.0,0.0,0.0,0.0,0.0,0.0,0.0,0.0,0.0,0.0,0.0,0.0,0.0,0.0,0.0,0.0,0.0,0.0,0.0,0.0,0.0,0.0,0.0,0.0,0.0,0.0,0.0,0.0,0.0,0.0,0.0,0.0,0.0,0.0,0.0,0.0,0.0,0.0,0.0,0.0,0.0,0.0,0.0,0.0,0.0,0.0,0.0,0.0,0.0,0.0,0.0,0.0,0.0,0.0,0.0,0.0,0.0,0.0,0.0,0.0,0.0,0.0,0.0,0.0,0.0,0.0,0.0,0.0,0.0,0.0,0.0,0.0,0.0
000536,20010331,-0.09520000219345093,0.0,-2.1517999172210693,-0.3799999952316284,0.5342000126838684,24.950000762939453,0.0,8402708.0,0.0,0.0,122738032.0,12660911.0,40940808.0,0.0,0.0,0.0,140954144.0,0.0,0.0,0.0,223469488.0,0.0,5839178.0,0.0,39942120.0,0.0,89855528.0,426868.84375,0.0,-257712.34375,0.0,0.0,17390924.0,0.0,0.0,195964.578125,0.0,996623.625,154389504.0,374154784.0,226268016.0,0.0,1160000.0,74842656.0,31349662.0,2220750.25,-3736175.0,0.0,903491.25,52180344.0,0.0,35481000.0,0.0,420669760.0,0.0,0.0,0.0,0.0,0.0,0.0,0.0,0.0,420669760.0,121927192.0,65134916.0,28788174.0,0.0,-262365232.0,0.0,0.0,0.0,-46514952.0,374154784.0,23891810.0,21236714.0,238152.3125,2396515.75,6507420.0,0.0,5340061.5,0.0,0.0,70000.0,0.0,0.0,-11757054.0,0.0,283288.84375,129495.9921875,0.0,0.0,-11603261.0,0.0,0.0,-11603261.0,-11603261.0,0.0,0.0,0.0,0.0,0.0,0.0,0.0,0.0,0.0,0.0,0.0,0.0,0.0,0.0,0.0,0.0,0.0,0.0,0.0,0.0,0.0,0.0,0.0,0.0,0.0,0.0,0.0,0.0,0.0,0.0,0.0,0.0,0.0,0.0,0.0,0.0,0.0,0.0,0.0,0.0,0.0,0.0,0.0,0.0,0.0,0.0,0.0,0.0,0.0,0.0,0.0,0.0,0.0,0.0,0.0,0.0,0.0,0.0,0.0,0.0,0.0,0.0,0.531000018119812,0.19599999487400055,1.996999979019165,-1.1699999570846558,0.0,100.0,0.0,-658.2650146484375,-8.039999961853027,-11.0600004196167,23.360000610351562,0.0,0.0,0.19499999284744263,0.14900000393390656,0.0,0.06400000303983688,0.2639999985694885,462.0,603.0,0.10700000077486038,844.0,1415.0,0.0,0.0,-5290.43017578125,-33.236000061035156,-1.503999948501587,-0.7710000276565552,-99.39099884033203,-5418.22021484375,0.0,0.0,0.0,-32.47999954223633,-49.209999084472656,0.996999979019165,88.88700103759766,24.950000762939453,0.15299999713897705,-48.56999969482422,-3.0889999866485596,-48.566001892089844,11.109999656677246,59.61899948120117,27.23699951171875,22.35099983215332,0.0,-6263199.0,0.0,0.0,112.43000030517578,59.72600173950195,3.759999990463257,63.07500076293945,24.016000747680664,0.0,-21.31999969482422,-17.56999969482422,38.34000015258789,0.0,0.0,0.0,0.0,0.0,0.0,0.0,0.0,0.0,0.0,0.0,23891810.0,-11757054.0,-11603261.0,0.0,0.0,0.0,0.0,0.0,121927192.0,45467192.0,0.0,0.0,0.0,0.0,0.0,0.0,0.0,0.0,0.0,0.0,0.0,0.0,0.0,0.0,0.0,0.0,0.0,0.0,0.0,0.0,0.0,0.0,0.0,0.0,0.0,0.0,0.0,0.0,0.0,0.0,0.0,-46514952.0,0.0,0.0,0.0,0.0,-55894516.0,0.0,0.0,0.0,0.0,0.0,0.0,14198.1337890625,0.0,0.0,0.0,0.0,0.0,0.0,0.0,0.0,0.0,0.0,0.0,0.0,0.0,0.0,0.0,0.0,0.0,0.0,0.0,0.0,0.0,0.0,0.0,0.0,-5589.4501953125,0.0,0.0,-0.09520000219345093,0.0,10716.0,10331.0,0.0,0.0,0.0,0.0,0.0,0.0,0.029999999329447746,0.029999999329447746,-5570.7001953125,-1160.3299560546875,0.0,0.0,62.93000030517578,2123.669921875,-5.179999828338623,0.0,0.0,0.0,0.0,0.0,0.0,0.0,0.0,0.0,0.0,0.0,0.0,0.0,0.0,0.0,0.0,0.0,0.0,0.0,0.0,0.0,0.0,0.0,0.0,0.0,0.0,0.0,0.0,0.0,0.0,0.0,0.0,0.0,0.0,0.0,0.0,0.0,0.0,0.0,0.0,0.0,0.0,0.0,0.0,0.0,0.0,0.0,0.0,0.0,0.0,0.0,0.0,0.0,0.0,0.0,0.0,0.0,0.0,0.0,0.0,0.0,0.0,0.0,0.0,0.0,0.0,0.0,0.0,0.0,0.0,0.0,0.0,0.0,0.0,0.0,0.0,0.0,0.0,0.0,0.0,0.0,0.0,0.0,0.0,0.0,0.0,0.0,0.0,0.0,0.0,0.0,0.0,0.0,0.0,0.0,0.0,0.0,0.0,0.0,0.0,0.0,0.0,0.0,0.0,0.0,0.0,0.0,0.0,0.0,0.0,0.0,0.0,0.0,0.0,0.0,0.0,0.0,0.0,0.0,0.0,0.0,0.0,0.0,0.0,0.0,0.0,0.0,0.0,0.0,0.0,0.0,0.0,0.0,0.0,0.0,0.0,0.0,0.0,0.0,0.0,0.0,0.0,0.0,0.0,0.0,0.0,0.0,0.0,0.0,0.0,0.0,0.0,0.0,0.0,0.0,0.0,0.0,0.0,0.0,0.0,0.0,0.0,0.0,0.0,0.0,0.0,0.0,0.0,0.0,0.0,0.0,0.0,0.0,0.0,0.0,0.0,0.0,0.0,0.0,0.0,0.0,0.0,0.0,0.0,0.0,0.0,0.0,0.0,0.0,0.0,0.0,0.0,0.0,0.0,0.0,0.0,0.0,0.0,0.0,0.0,0.0,0.0,0.0,0.0,0.0,0.0,0.0,0.0,0.0,0.0,0.0,0.0,0.0,0.0,0.0,0.0,0.0,0.0,0.0,0.0,0.0,0.0,0.0,0.0,0.0,0.0,0.0,0.0,0.0,0.0,0.0,0.0,0.0,0.0,0.0,0.0,0.0,0.0,0.0,0.0,0.0,0.0,0.0,0.0,0.0,0.0,0.0,0.0,0.0,0.0,0.0
000546,20010331,-0.032999999821186066,0.0,0.0,0.0,0.0,0.0,0.0,0.0,0.0,0.0,0.0,0.0,0.0,0.0,0.0,0.0,0.0,0.0,0.0,0.0,163170000.0,0.0,0.0,0.0,0.0,0.0,0.0,0.0,0.0,0.0,0.0,0.0,0.0,0.0,0.0,0.0,0.0,0.0,27740000.0,391369984.0,0.0,0.0,0.0,0.0,0.0,0.0,0.0,0.0,0.0,0.0,0.0,0.0,0.0,476630016.0,0.0,0.0,0.0,0.0,0.0,0.0,0.0,14920000.0,491550016.0,0.0,0.0,0.0,0.0,0.0,2860000.0,0.0,0.0,-103020000.0,391390016.0,6890000.0,0.0,0.0,7080000.0,0.0,0.0,0.0,0.0,0.0,0.0,0.0,0.0,0.0,0.0,0.0,10000.0,0.0,0.0,-5670000.0,0.0,0.0,-5670000.0,-5670000.0,0.0,0.0,0.0,0.0,0.0,0.0,0.0,0.0,0.0,0.0,0.0,0.0,0.0,0.0,0.0,0.0,0.0,0.0,0.0,0.0,0.0,0.0,0.0,0.0,0.0,0.0,0.0,0.0,0.0,0.0,0.0,0.0,0.0,0.0,0.0,0.0,0.0,0.0,0.0,0.0,0.0,0.0,0.0,0.0,0.0,0.0,0.0,0.0,0.0,0.0,0.0,0.0,0.0,0.0,0.0,0.0,0.0,0.0,0.0,0.0,0.0,0.0,0.34200000762939453,0.34200000762939453,0.0,0.0,3.0350000858306885,96.96499633789062,0.0,-464.25201416015625,-3.799999952316284,-20.959999084472656,0.0,0.0,0.0,0.0,0.0,0.0,0.017999999225139618,0.0,0.0,0.0,0.041999999433755875,2160.0,5143.0,0.0,0.0,0.0,-7.10099983215332,0.0,-1.1740000247955322,0.0,0.0,0.0,0.0,0.0,-80.08000183105469,0.0,0.0,0.0,0.0,0.0,-82.29000091552734,-1.440000057220459,-82.29299926757812,0.0,102.75800323486328,0.0,0.0,0.0,-5670000.0,0.0,0.0,125.5999984741211,41.69200134277344,0.0,0.0,0.0,3194.571044921875,-28.559999465942383,-21.610000610351562,0.0,0.0,0.0,0.0,0.0,0.0,0.0,0.0,0.0,0.0,0.0,0.0,6890000.0,0.0,-5670000.0,0.0,0.0,0.0,0.0,0.0,169506480.0,84703480.0,0.0,0.0,0.0,0.0,0.0,0.0,0.0,0.0,0.0,0.0,0.0,0.0,0.0,0.0,0.0,0.0,0.0,0.0,0.0,0.0,0.0,0.0,0.0,0.0,0.0,0.0,0.0,0.0,0.0,0.0,0.0,-105880000.0,0.0,0.0,0.0,0.0,0.0,0.0,0.0,0.0,0.0,0.0,0.0,0.0,0.0,0.0,0.0,0.0,0.0,0.0,0.0,0.0,0.0,0.0,0.0,0.0,0.0,0.0,0.0,0.0,0.0,0.0,0.0,0.0,0.0,0.0,0.0,0.0,0.0,0.0,0.0,-0.032999999821186066,0.0,10711.0,10331.0,0.0,0.0,0.0,0.0,0.0,0.0,-0.07000000029802322,-0.07000000029802322,0.0,-567.0,0.0,0.0,96.95999908447266,0.0,-1.9600000381469727,0.0,0.0,0.0,0.0,0.0,0.0,0.0,0.0,0.0,0.0,0.0,0.0,0.0,0.0,0.0,0.0,0.0,0.0,0.0,0.0,0.0,0.0,0.0,0.0,0.0,0.0,0.0,0.0,0.0,0.0,0.0,0.0,0.0,0.0,0.0,0.0,0.0,0.0,0.0,0.0,0.0,0.0,0.0,0.0,0.0,0.0,0.0,0.0,0.0,0.0,0.0,0.0,0.0,0.0,0.0,0.0,0.0,0.0,0.0,0.0,0.0,0.0,0.0,0.0,0.0,0.0,0.0,0.0,0.0,0.0,0.0,0.0,0.0,0.0,0.0,0.0,0.0,0.0,0.0,0.0,0.0,0.0,0.0,0.0,0.0,0.0,0.0,0.0,0.0,0.0,0.0,0.0,0.0,0.0,0.0,0.0,0.0,0.0,0.0,0.0,0.0,0.0,0.0,0.0,0.0,0.0,0.0,0.0,0.0,0.0,0.0,0.0,0.0,0.0,0.0,0.0,0.0,0.0,0.0,0.0,0.0,0.0,0.0,0.0,0.0,0.0,0.0,0.0,0.0,0.0,0.0,0.0,0.0,0.0,0.0,0.0,0.0,0.0,0.0,0.0,0.0,0.0,0.0,0.0,0.0,0.0,0.0,0.0,0.0,0.0,0.0,0.0,0.0,0.0,0.0,0.0,0.0,0.0,0.0,0.0,0.0,0.0,0.0,0.0,0.0,0.0,0.0,0.0,0.0,0.0,0.0,0.0,0.0,0.0,0.0,0.0,0.0,0.0,0.0,0.0,0.0,0.0,0.0,0.0,0.0,0.0,0.0,0.0,0.0,0.0,0.0,0.0,0.0,0.0,0.0,0.0,0.0,0.0,0.0,0.0,0.0,0.0,0.0,0.0,0.0,0.0,0.0,0.0,0.0,0.0,0.0,0.0,0.0,0.0,0.0,0.0,0.0,0.0,0.0,0.0,0.0,0.0,0.0,0.0,0.0,0.0,0.0,0.0,0.0,0.0,0.0,0.0,0.0,0.0,0.0,0.0,0.0,0.0,0.0,0.0,0.0,0.0,0.0,0.0,0.0,0.0,0.0,0.0,0.0,0.0,0.0
000553,20010331,0.010700000450015068,0.0,0.3043000102043152,3.4100000858306885,1.8910000324249268,0.3199999928474426,0.0,539113728.0,4534154.5,2027708.0,268646624.0,69938376.0,169118016.0,0.0,0.0,0.0,284482112.0,0.0,0.0,111822.1015625,1271447680.0,0.0,580000.0,0.0,34508072.0,0.0,470864064.0,99122440.0,4762383.5,28250.740234375,0.0,0.0,76244872.0,0.0,0.0,106762.2265625,0.0,170560.0,686387392.0,1954321920.0,411649920.0,0.0,19633344.0,157973088.0,43311148.0,2338239.25,-27189644.0,0.0,0.0,39994800.0,0.0,63949516.0,0.0,711660416.0,176990000.0,0.0,9922458.0,0.0,0.0,0.0,0.0,186912464.0,898572864.0,296961600.0,561551168.0,62450856.0,0.0,90363704.0,44421660.0,0.0,0.0,1011327360.0,1954321920.0,154147776.0,137509120.0,34908.6484375,5548637.0,7787883.0,0.0,1177671.5,0.0,0.0,3050000.0,0.0,0.0,5139548.5,0.0,55230.2890625,242733.625,0.0,0.0,4952045.0,1008603.9375,-753676.125,3189765.0,3189765.0,753676.125,0.0,0.0,0.0,0.0,0.0,0.0,0.0,0.0,0.0,0.0,0.0,0.0,0.0,0.0,0.0,0.0,0.0,0.0,0.0,0.0,0.0,0.0,0.0,0.0,0.0,0.0,0.0,0.0,0.0,0.0,0.0,0.0,0.0,0.0,0.0,0.0,0.0,0.0,0.0,0.0,0.0,0.0,0.0,0.0,0.0,0.0,0.0,0.0,0.0,0.0,0.0,0.0,0.0,0.0,0.0,0.0,0.0,0.0,0.0,0.0,0.0,1.7869999408721924,1.3869999647140503,75.75399780273438,5.199999809265137,20.801000595092773,79.1989974975586,0.0,100.88800048828125,1.9299999475479126,112.55000305175781,112.4000015258789,0.0,0.0,0.5649999976158142,0.5049999952316284,0.27300000190734863,0.07999999821186066,0.3240000009536743,159.0,178.0,0.12300000339746475,730.0,1124.0,0.1599999964237213,0.0,38.97999954223633,0.2529999911785126,-2.2339999675750732,3.000999927520752,0.0,85.11000061035156,0.0,0.0,0.0,2.0999999046325684,3.3299999237060547,0.023000000044703484,89.20600128173828,0.3199999928474426,7.697999954223633,2.069999933242798,0.16599999368190765,2.069000005722046,10.789999961853027,9.416000366210938,5.052000045776367,0.7639999985694885,0.0,6129716.5,0.0,0.0,45.97999954223633,65.05799865722656,42.402000427246094,22.375,24.093000411987305,380.7449951171875,58.9900016784668,150.4499969482422,758.760009765625,0.0,0.0,0.0,0.0,0.0,0.0,0.0,0.0,0.0,0.0,0.0,154147776.0,5139548.5,3189765.0,0.0,0.0,0.0,0.0,0.0,296961600.0,97232272.0,115000000.0,0.0,0.0,0.0,0.0,0.0,0.0,0.0,0.0,0.0,0.0,0.0,0.0,0.0,0.0,0.0,0.0,0.0,0.0,0.0,0.0,0.0,0.0,0.0,0.0,0.0,0.0,0.0,0.0,0.0,0.0,966905728.0,0.0,0.0,0.0,0.0,18901740.0,0.0,0.0,0.0,0.0,0.0,0.0,92418.7265625,0.0,0.0,0.0,0.0,0.0,0.0,0.0,0.0,0.0,0.0,0.0,0.0,0.0,0.0,0.0,0.0,0.0,0.0,0.0,0.0,0.0,0.0,0.0,0.0,1890.1700439453125,0.0,0.0,0.010700000450015068,0.0,0.0,10331.0,0.0,0.0,0.0,0.0,0.0,0.0,0.05000000074505806,0.05000000074505806,2742.6201171875,318.9800109863281,0.0,0.0,74.80999755859375,13750.91015625,0.1899999976158142,0.0,0.0,0.0,0.0,0.0,0.0,0.0,0.0,0.0,0.0,0.0,0.0,0.0,0.0,0.0,0.0,0.0,0.0,0.0,0.0,0.0,0.0,0.0,0.0,0.0,0.0,0.0,0.0,0.0,0.0,0.0,0.0,0.0,0.0,0.0,0.0,0.0,0.0,0.0,0.0,0.0,0.0,0.0,0.0,0.0,0.0,0.0,0.0,0.0,0.0,0.0,0.0,0.0,0.0,0.0,0.0,0.0,0.0,0.0,0.0,0.0,0.0,0.0,0.0,0.0,0.0,0.0,0.0,0.0,0.0,0.0,0.0,0.0,0.0,0.0,0.0,0.0,0.0,0.0,0.0,0.0,0.0,0.0,0.0,0.0,0.0,0.0,0.0,0.0,0.0,0.0,0.0,0.0,0.0,0.0,0.0,0.0,0.0,0.0,0.0,0.0,0.0,0.0,0.0,0.0,0.0,0.0,0.0,0.0,0.0,0.0,0.0,0.0,0.0,0.0,0.0,0.0,0.0,0.0,0.0,0.0,0.0,0.0,0.0,0.0,0.0,0.0,0.0,0.0,0.0,0.0,0.0,0.0,0.0,0.0,0.0,0.0,0.0,0.0,0.0,0.0,0.0,0.0,0.0,0.0,0.0,0.0,0.0,0.0,0.0,0.0,0.0,0.0,0.0,0.0,0.0,0.0,0.0,0.0,0.0,0.0,0.0,0.0,0.0,0.0,0.0,0.0,0.0,0.0,0.0,0.0,0.0,0.0,0.0,0.0,0.0,0.0,0.0,0.0,0.0,0.0,0.0,0.0,0.0,0.0,0.0,0.0,0.0,0.0,0.0,0.0,0.0,0.0,0.0,0.0,0.0,0.0,0.0,0.0,0.0,0.0,0.0,0.0,0.0,0.0,0.0,0.0,0.0,0.0,0.0,0.0,0.0,0.0,0.0,0.0,0.0,0.0,0.0,0.0,0.0,0.0,0.0,0.0,0.0,0.0,0.0,0.0,0.0,0.0,0.0,0.0,0.0,0.0,0.0,0.0,0.0,0.0,0.0,0.0,0.0,0.0,0.0,0.0,0.0,0.0,0.0,0.0,0.0,0.0,0.0,0.0
000623,20010331,0.03680000081658363,0.0,0.8848999738693237,4.639999866485596,2.2783000469207764,0.7900000214576721,0.0,263706976.0,0.0,13489600.0,251292704.0,16364863.0,64914460.0,0.0,0.0,6516454.0,73862480.0,0.0,0.0,101598.1875,657458240.0,0.0,0.0,0.0,370980800.0,0.0,277705728.0,109128776.0,0.0,0.0,0.0,0.0,14229865.0,0.0,0.0,10648922.0,0.0,0.0,782694080.0,1440152320.0,173800000.0,0.0,6792727.0,32986898.0,3000000.0,4517193.5,7512057.5,0.0,46732920.0,44631684.0,0.0,0.0,0.0,319973472.0,54000.0,0.0,0.0,0.0,0.0,0.0,0.0,54000.0,320027488.0,233664608.0,532349888.0,110559048.0,0.0,206770016.0,36781296.0,0.0,0.0,1083343616.0,1440152320.0,77409832.0,39106092.0,1495810.25,16343438.0,8042406.0,0.0,2249621.5,0.0,0.0,0.0,0.0,0.0,10172462.0,0.0,485637.6875,280761.375,0.0,0.0,10377339.0,1556600.75,-221126.53125,8599611.0,8599611.0,221126.53125,0.0,0.0,0.0,0.0,0.0,0.0,0.0,0.0,0.0,0.0,0.0,0.0,0.0,0.0,0.0,0.0,0.0,0.0,0.0,0.0,0.0,0.0,0.0,0.0,0.0,0.0,0.0,0.0,0.0,0.0,0.0,0.0,0.0,0.0,0.0,0.0,0.0,0.0,0.0,0.0,0.0,0.0,0.0,0.0,0.0,0.0,0.0,0.0,0.0,0.0,0.0,0.0,0.0,0.0,0.0,0.0,0.0,0.0,0.0,0.0,0.0,2.055000066757202,1.8240000009536743,82.41500091552734,5.610000133514404,0.017000000923871994,99.98300170898438,0.0,31.0,1.3300000429153442,338.5199890136719,169.17999267578125,0.0,0.0,0.3100000023841858,0.49000000953674316,0.23199999332427979,0.05400000140070915,0.28200000524520874,291.0,184.0,0.11800000071525574,763.0,1670.0,0.07400000095367432,0.0,0.0,0.43700000643730164,2.696000099182129,0.5220000147819519,0.0,0.0,0.0,0.0,0.0,12.789999961853027,13.140000343322754,1.9320000410079956,50.518001556396484,0.7900000214576721,0.0,11.109999656677246,0.5989999771118164,11.109000205993652,49.47999954223633,34.40800094604492,10.388999938964844,2.9059998989105225,0.0,12626960.0,0.0,0.0,22.219999313354492,45.652000427246094,40.11000061035156,11.234999656677246,19.283000946044922,592543.5,79.23999786376953,395.2200012207031,5203.08984375,0.0,0.0,0.0,0.0,0.0,0.0,0.0,0.0,0.0,0.0,0.0,77409832.0,10172462.0,8599611.0,0.0,0.0,0.0,0.0,0.0,233664608.0,110375424.0,0.0,0.0,0.0,0.0,0.0,0.0,0.0,0.0,0.0,0.0,0.0,0.0,0.0,0.0,0.0,0.0,0.0,0.0,0.0,0.0,0.0,0.0,0.0,0.0,0.0,0.0,0.0,0.0,0.0,0.0,0.0,1046562240.0,0.0,0.0,0.0,0.0,0.0,0.0,0.0,0.0,0.0,0.0,0.0,0.0,0.0,0.0,0.0,0.0,0.0,0.0,0.0,0.0,0.0,0.0,0.0,0.0,0.0,0.0,0.0,0.0,0.0,0.0,0.0,0.0,0.0,0.0,0.0,0.0,0.0,0.0,0.0,0.03680000081658363,0.0,0.0,10331.0,0.0,0.0,0.0,0.0,0.0,0.0,0.009999999776482582,0.009999999776482582,0.0,859.9600219726562,0.0,0.0,85.6500015258789,3910.610107421875,0.6399999856948853,0.0,0.0,0.0,0.0,0.0,0.0,0.0,0.0,0.0,0.0,0.0,0.0,0.0,0.0,0.0,0.0,0.0,0.0,0.0,0.0,0.0,0.0,0.0,0.0,0.0,0.0,0.0,0.0,0.0,0.0,0.0,0.0,0.0,0.0,0.0,0.0,0.0,0.0,0.0,0.0,0.0,0.0,0.0,0.0,0.0,0.0,0.0,0.0,0.0,0.0,0.0,0.0,0.0,0.0,0.0,0.0,0.0,0.0,0.0,0.0,0.0,0.0,0.0,0.0,0.0,0.0,0.0,0.0,0.0,0.0,0.0,0.0,0.0,0.0,0.0,0.0,0.0,0.0,0.0,0.0,0.0,0.0,0.0,0.0,0.0,0.0,0.0,0.0,0.0,0.0,0.0,0.0,0.0,0.0,0.0,0.0,0.0,0.0,0.0,0.0,0.0,0.0,0.0,0.0,0.0,0.0,0.0,0.0,0.0,0.0,0.0,0.0,0.0,0.0,0.0,0.0,0.0,0.0,0.0,0.0,0.0,0.0,0.0,0.0,0.0,0.0,0.0,0.0,0.0,0.0,0.0,0.0,0.0,0.0,0.0,0.0,0.0,0.0,0.0,0.0,0.0,0.0,0.0,0.0,0.0,0.0,0.0,0.0,0.0,0.0,0.0,0.0,0.0,0.0,0.0,0.0,0.0,0.0,0.0,0.0,0.0,0.0,0.0,0.0,0.0,0.0,0.0,0.0,0.0,0.0,0.0,0.0,0.0,0.0,0.0,0.0,0.0,0.0,0.0,0.0,0.0,0.0,0.0,0.0,0.0,0.0,0.0,0.0,0.0,0.0,0.0,0.0,0.0,0.0,0.0,0.0,0.0,0.0,0.0,0.0,0.0,0.0,0.0,0.0,0.0,0.0,0.0,0.0,0.0,0.0,0.0,0.0,0.0,0.0,0.0,0.0,0.0,0.0,0.0,0.0,0.0,0.0,0.0,0.0,0.0,0.0,0.0,0.0,0.0,0.0,0.0,0.0,0.0,0.0,0.0,0.0,0.0,0.0,0.0,0.0,0.0,0.0,0.0,0.0,0.0,0.0,0.0,0.0,0.0,0.0,0.0
000766,20010331,0.07069999724626541,0.0,0.6908000111579895,3.619999885559082,1.5003000497817993,1.9500000476837158,0.0,661575808.0,0.0,0.0,604887744.0,109752672.0,230571120.0,0.0,0.0,0.0,79807072.0,0.0,0.0,0.0,1614055424.0,0.0,0.0,0.0,59349264.0,0.0,217150624.0,12951919.0,0.0,0.0,0.0,0.0,360429824.0,0.0,0.0,37882396.0,0.0,0.0,687764032.0,2301819392.0,619529024.0,0.0,30000000.0,37826492.0,52544032.0,2071696.375,165820896.0,0.0,228724640.0,49684672.0,0.0,0.0,420760.6875,1186622208.0,8030000.0,0.0,8932.0302734375,0.0,0.0,0.0,723279.0,8762211.0,1195384448.0,299344192.0,449092448.0,129040472.0,0.0,206789648.0,22168302.0,0.0,0.0,1084266752.0,2301819392.0,112062456.0,46912416.0,1342890.875,13900027.0,14802024.0,0.0,9893565.0,0.0,0.0,0.0,0.0,0.0,25211534.0,0.0,6768.10009765625,99314.3828125,0.0,0.0,25118988.0,3767848.0,-192618.84375,21158520.0,21158520.0,192618.84375,0.0,0.0,0.0,0.0,0.0,0.0,0.0,0.0,0.0,0.0,0.0,0.0,0.0,0.0,0.0,0.0,0.0,0.0,0.0,0.0,0.0,0.0,0.0,0.0,0.0,0.0,0.0,0.0,0.0,0.0,0.0,0.0,0.0,0.0,0.0,0.0,0.0,0.0,0.0,0.0,0.0,0.0,0.0,0.0,0.0,0.0,0.0,0.0,0.0,0.0,0.0,0.0,0.0,0.0,0.0,0.0,0.0,0.0,0.0,0.0,0.0,1.3600000143051147,1.2929999828338623,55.75299835205078,3.5399999618530273,0.7329999804496765,99.26699829101562,0.0,170.36300659179688,2.119999885559082,90.69999694824219,73.51000213623047,0.0,0.0,0.1899999976158142,0.6259999871253967,0.257999986410141,0.04899999871850014,0.5189999938011169,472.0,144.0,0.0689999982714653,1298.0,1831.0,0.10700000077486038,0.0,396.5400085449219,2.5280001163482666,0.9700000286102295,1.9479999542236328,0.0,377.9800109863281,0.0,0.0,0.0,24.360000610351562,22.5,1.1979999542236328,41.862998962402344,1.9500000476837158,0.0,18.8799991607666,0.9279999732971191,18.881000518798828,58.13999938964844,34.441001892089844,13.208999633789062,8.829000473022461,0.0,35012552.0,0.0,0.0,51.93000030517578,70.12100219726562,40.987998962402344,4.945000171661377,9.434000015258789,13542.4970703125,48.779998779296875,97.23999786376953,193.7899932861328,0.0,0.0,0.0,0.0,0.0,0.0,0.0,0.0,0.0,0.0,0.0,112062456.0,25211534.0,21158520.0,0.0,0.0,0.0,0.0,0.0,299344192.0,189956000.0,0.0,0.0,0.0,0.0,0.0,0.0,0.0,0.0,0.0,0.0,0.0,0.0,0.0,0.0,0.0,0.0,0.0,0.0,0.0,0.0,0.0,0.0,0.0,0.0,0.0,0.0,0.0,0.0,0.0,0.0,0.0,1062098432.0,0.0,0.0,0.0,0.0,258812256.0,0.0,0.0,0.0,0.0,0.0,0.0,57557.8828125,0.0,0.0,0.0,0.0,0.0,0.0,0.0,0.0,0.0,0.0,0.0,0.0,0.0,0.0,0.0,0.0,0.0,0.0,0.0,0.0,0.0,0.0,0.0,0.0,25881.220703125,0.0,0.0,0.07069999724626541,0.0,0.0,10331.0,0.0,0.0,0.0,0.0,0.0,0.0,0.14000000059604645,0.14000000059604645,28573.7890625,2115.85009765625,0.0,0.0,93.27999877929688,4691.240234375,0.9700000286102295,0.0,0.0,0.0,0.0,0.0,0.0,0.0,0.0,0.0,0.0,0.0,0.0,0.0,0.0,0.0,0.0,0.0,0.0,0.0,0.0,0.0,0.0,0.0,0.0,0.0,0.0,0.0,0.0,0.0,0.0,0.0,0.0,0.0,0.0,0.0,0.0,0.0,0.0,0.0,0.0,0.0,0.0,0.0,0.0,0.0,0.0,0.0,0.0,0.0,0.0,0.0,0.0,0.0,0.0,0.0,0.0,0.0,0.0,0.0,0.0,0.0,0.0,0.0,0.0,0.0,0.0,0.0,0.0,0.0,0.0,0.0,0.0,0.0,0.0,0.0,0.0,0.0,0.0,0.0,0.0,0.0,0.0,0.0,0.0,0.0,0.0,0.0,0.0,0.0,0.0,0.0,0.0,0.0,0.0,0.0,0.0,0.0,0.0,0.0,0.0,0.0,0.0,0.0,0.0,0.0,0.0,0.0,0.0,0.0,0.0,0.0,0.0,0.0,0.0,0.0,0.0,0.0,0.0,0.0,0.0,0.0,0.0,0.0,0.0,0.0,0.0,0.0,0.0,0.0,0.0,0.0,0.0,0.0,0.0,0.0,0.0,0.0,0.0,0.0,0.0,0.0,0.0,0.0,0.0,0.0,0.0,0.0,0.0,0.0,0.0,0.0,0.0,0.0,0.0,0.0,0.0,0.0,0.0,0.0,0.0,0.0,0.0,0.0,0.0,0.0,0.0,0.0,0.0,0.0,0.0,0.0,0.0,0.0,0.0,0.0,0.0,0.0,0.0,0.0,0.0,0.0,0.0,0.0,0.0,0.0,0.0,0.0,0.0,0.0,0.0,0.0,0.0,0.0,0.0,0.0,0.0,0.0,0.0,0.0,0.0,0.0,0.0,0.0,0.0,0.0,0.0,0.0,0.0,0.0,0.0,0.0,0.0,0.0,0.0,0.0,0.0,0.0,0.0,0.0,0.0,0.0,0.0,0.0,0.0,0.0,0.0,0.0,0.0,0.0,0.0,0.0,0.0,0.0,0.0,0.0,0.0,0.0,0.0,0.0,0.0,0.0,0.0,0.0,0.0,0.0,0.0,0.0,0.0,0.0,0.0,0.0
000822,20010331,0.1324000060558319,0.0,0.4722999930381775,2.950000047683716,1.3203999996185303,4.489999771118164,0.0,259484832.0,80000000.0,132570432.0,403467872.0,100521624.0,234947488.0,0.0,0.0,0.0,212701744.0,0.0,0.0,-54664.7109375,1383548032.0,0.0,283792.0,0.0,62169216.0,0.0,759258688.0,395542112.0,0.0,382.04998779296875,0.0,0.0,39927748.0,0.0,0.0,9623022.0,0.0,0.0,1266804992.0,2650352896.0,473469952.0,0.0,78552080.0,185953360.0,64097300.0,14726009.0,15639964.0,0.0,96600000.0,237801072.0,0.0,0.0,0.0,1166839680.0,217547984.0,0.0,15000.0,0.0,0.0,0.0,0.0,217562976.0,1384402688.0,420000000.0,554574080.0,65556172.0,0.0,198350592.0,27469378.0,0.0,0.0,1238480896.0,2650352896.0,349075456.0,237341648.0,2376362.75,12241114.0,22268000.0,0.0,9422970.0,0.0,0.0,300000.0,0.0,0.0,65725368.0,0.0,1644576.625,351811.03125,0.0,0.0,67018136.0,11393445.0,0.0,55624692.0,55624692.0,0.0,0.0,0.0,0.0,0.0,0.0,0.0,0.0,0.0,0.0,0.0,0.0,0.0,0.0,0.0,0.0,0.0,0.0,0.0,0.0,0.0,0.0,0.0,0.0,0.0,0.0,0.0,0.0,0.0,0.0,0.0,0.0,0.0,0.0,0.0,0.0,0.0,0.0,0.0,0.0,0.0,0.0,0.0,0.0,0.0,0.0,0.0,0.0,0.0,0.0,0.0,0.0,0.0,0.0,0.0,0.0,0.0,0.0,0.0,0.0,0.0,0.0,1.1859999895095825,1.003000020980835,22.238000869750977,8.109999656677246,15.71500015258789,84.28500366210938,0.0,118.21600341796875,2.140000104904175,89.45999908447266,73.58999633789062,0.0,0.0,0.9010000228881836,1.2259999513626099,1.5570000410079956,0.14100000262260437,0.46799999475479126,100.0,73.0,0.2750000059604645,327.0,640.0,0.2939999997615814,0.0,0.0,3.885999917984009,3.427999973297119,14.598999977111816,0.0,0.0,0.0,0.0,0.0,19.610000610351562,18.829999923706055,0.6809999942779541,67.99199676513672,4.489999771118164,0.210999995470047,15.930000305175781,2.242000102996826,15.9350004196167,32.0099983215332,12.585000038146973,6.379000186920166,2.6989998817443848,0.0,76441104.0,0.0,0.0,52.2400016784668,52.20199966430664,18.7549991607666,15.37399959564209,28.64699935913086,536.322998046875,55.709999084472656,128.63999938964844,144.85000610351562,0.0,0.0,0.0,0.0,0.0,0.0,0.0,0.0,0.0,0.0,0.0,349075456.0,65725368.0,55624692.0,0.0,0.0,0.0,0.0,0.0,420000000.0,119934000.0,0.0,0.0,0.0,0.0,0.0,0.0,0.0,0.0,0.0,0.0,0.0,0.0,0.0,0.0,0.0,0.0,0.0,0.0,0.0,0.0,0.0,0.0,0.0,0.0,0.0,0.0,0.0,0.0,0.0,0.0,0.0,1211011456.0,0.0,0.0,0.0,0.0,0.0,0.0,0.0,0.0,0.0,0.0,0.0,0.0,0.0,0.0,0.0,0.0,0.0,0.0,0.0,0.0,0.0,0.0,0.0,0.0,0.0,0.0,0.0,0.0,0.0,0.0,0.0,0.0,0.0,0.0,0.0,0.0,0.0,0.0,0.0,0.1324000060558319,0.0,0.0,10331.0,0.0,0.0,0.0,0.0,0.0,0.0,0.1899999976158142,0.1899999976158142,0.0,5562.47021484375,0.0,0.0,69.54000091552734,23734.169921875,2.609999895095825,0.0,0.0,0.0,0.0,0.0,0.0,0.0,0.0,0.0,0.0,0.0,0.0,0.0,0.0,0.0,0.0,0.0,0.0,0.0,0.0,0.0,0.0,0.0,0.0,0.0,0.0,0.0,0.0,0.0,0.0,0.0,0.0,0.0,0.0,0.0,0.0,0.0,0.0,0.0,0.0,0.0,0.0,0.0,0.0,0.0,0.0,0.0,0.0,0.0,0.0,0.0,0.0,0.0,0.0,0.0,0.0,0.0,0.0,0.0,0.0,0.0,0.0,0.0,0.0,0.0,0.0,0.0,0.0,0.0,0.0,0.0,0.0,0.0,0.0,0.0,0.0,0.0,0.0,0.0,0.0,0.0,0.0,0.0,0.0,0.0,0.0,0.0,0.0,0.0,0.0,0.0,0.0,0.0,0.0,0.0,0.0,0.0,0.0,0.0,0.0,0.0,0.0,0.0,0.0,0.0,0.0,0.0,0.0,0.0,0.0,0.0,0.0,0.0,0.0,0.0,0.0,0.0,0.0,0.0,0.0,0.0,0.0,0.0,0.0,0.0,0.0,0.0,0.0,0.0,0.0,0.0,0.0,0.0,0.0,0.0,0.0,0.0,0.0,0.0,0.0,0.0,0.0,0.0,0.0,0.0,0.0,0.0,0.0,0.0,0.0,0.0,0.0,0.0,0.0,0.0,0.0,0.0,0.0,0.0,0.0,0.0,0.0,0.0,0.0,0.0,0.0,0.0,0.0,0.0,0.0,0.0,0.0,0.0,0.0,0.0,0.0,0.0,0.0,0.0,0.0,0.0,0.0,0.0,0.0,0.0,0.0,0.0,0.0,0.0,0.0,0.0,0.0,0.0,0.0,0.0,0.0,0.0,0.0,0.0,0.0,0.0,0.0,0.0,0.0,0.0,0.0,0.0,0.0,0.0,0.0,0.0,0.0,0.0,0.0,0.0,0.0,0.0,0.0,0.0,0.0,0.0,0.0,0.0,0.0,0.0,0.0,0.0,0.0,0.0,0.0,0.0,0.0,0.0,0.0,0.0,0.0,0.0,0.0,0.0,0.0,0.0,0.0,0.0,0.0,0.0,0.0,0.0,0.0,0.0,0.0,0.0
000838,20010331,-0.03799999877810478,0.0,0.0,0.3700000047683716,0.0,-10.09000015258789,0.0,0.0,0.0,0.0,0.0,0.0,0.0,0.0,0.0,0.0,0.0,0.0,0.0,0.0,162675104.0,0.0,0.0,0.0,0.0,0.0,0.0,0.0,0.0,0.0,0.0,0.0,0.0,0.0,0.0,0.0,0.0,0.0,3361800.0,224754896.0,0.0,0.0,0.0,0.0,0.0,0.0,0.0,0.0,0.0,0.0,0.0,0.0,0.0,209205600.0,0.0,0.0,0.0,0.0,0.0,0.0,0.0,8808000.0,0.0,0.0,0.0,0.0,0.0,0.0,0.0,0.0,0.0,24357300.0,224754896.0,7342500.0,0.0,0.0,4039700.0,0.0,0.0,0.0,0.0,0.0,0.0,0.0,0.0,-2439100.0,0.0,0.0,18000.0,0.0,0.0,-2457100.0,0.0,0.0,-2457100.0,-2457100.0,0.0,0.0,0.0,0.0,0.0,0.0,0.0,0.0,0.0,0.0,0.0,0.0,0.0,0.0,0.0,0.0,0.0,0.0,0.0,0.0,0.0,0.0,0.0,0.0,0.0,0.0,0.0,0.0,0.0,0.0,0.0,0.0,0.0,0.0,0.0,0.0,0.0,0.0,0.0,0.0,0.0,0.0,0.0,0.0,0.0,0.0,0.0,0.0,0.0,0.0,0.0,0.0,0.0,0.0,0.0,0.0,0.0,0.0,0.0,0.0,0.0,0.0,0.777999997138977,0.777999997138977,0.0,0.0,0.0,0.0,0.0,0.0,9.229999542236328,0.0,0.0,0.0,0.0,0.2750000059604645,0.0,0.0,0.03200000151991844,0.2759999930858612,327.0,0.0,0.04500000178813934,2017.0,2786.0,0.28700000047683716,0.0,0.0,-9.163000106811523,-100.0,-2.187999963760376,0.0,0.0,0.0,0.0,0.0,-60.81999969482422,-33.220001220703125,0.0,0.0,-10.09000015258789,0.0,-33.459999084472656,-1.0809999704360962,-33.4640007019043,0.0,55.018001556396484,0.0,0.0,0.0,-2457100.0,0.0,0.0,0.0,72.37899780273438,0.0,0.0,0.0,2375.177001953125,156.64999389648438,-276.5400085449219,0.0,0.0,0.0,0.0,0.0,0.0,0.0,0.0,0.0,0.0,0.0,0.0,7342500.0,-2439100.0,-2457100.0,0.0,0.0,0.0,0.0,0.0,65119860.0,17550000.0,0.0,0.0,0.0,0.0,0.0,0.0,0.0,0.0,0.0,0.0,0.0,0.0,0.0,0.0,0.0,0.0,0.0,0.0,0.0,0.0,0.0,0.0,0.0,0.0,0.0,0.0,0.0,0.0,0.0,0.0,0.0,24357300.0,0.0,0.0,0.0,0.0,0.0,0.0,0.0,0.0,0.0,0.0,0.0,0.0,0.0,0.0,0.0,0.0,0.0,0.0,0.0,0.0,0.0,0.0,0.0,0.0,0.0,0.0,0.0,0.0,0.0,0.0,0.0,0.0,0.0,0.0,0.0,0.0,0.0,0.0,0.0,-0.03799999877810478,0.0,10721.0,10331.0,0.0,0.0,0.0,0.0,0.0,0.0,-0.019999999552965164,-0.019999999552965164,0.0,-245.7100067138672,0.0,0.0,0.0,0.0,-3.6600000858306885,0.0,0.0,0.0,0.0,0.0,0.0,0.0,0.0,0.0,0.0,0.0,0.0,0.0,0.0,0.0,0.0,0.0,0.0,0.0,0.0,0.0,0.0,0.0,0.0,0.0,0.0,0.0,0.0,0.0,0.0,0.0,0.0,0.0,0.0,0.0,0.0,0.0,0.0,0.0,0.0,0.0,0.0,0.0,0.0,0.0,0.0,0.0,0.0,0.0,0.0,0.0,0.0,0.0,0.0,0.0,0.0,0.0,0.0,0.0,0.0,0.0,0.0,0.0,0.0,0.0,0.0,0.0,0.0,0.0,0.0,0.0,0.0,0.0,0.0,0.0,0.0,0.0,0.0,0.0,0.0,0.0,0.0,0.0,0.0,0.0,0.0,0.0,0.0,0.0,0.0,0.0,0.0,0.0,0.0,0.0,0.0,0.0,0.0,0.0,0.0,0.0,0.0,0.0,0.0,0.0,0.0,0.0,0.0,0.0,0.0,0.0,0.0,0.0,0.0,0.0,0.0,0.0,0.0,0.0,0.0,0.0,0.0,0.0,0.0,0.0,0.0,0.0,0.0,0.0,0.0,0.0,0.0,0.0,0.0,0.0,0.0,0.0,0.0,0.0,0.0,0.0,0.0,0.0,0.0,0.0,0.0,0.0,0.0,0.0,0.0,0.0,0.0,0.0,0.0,0.0,0.0,0.0,0.0,0.0,0.0,0.0,0.0,0.0,0.0,0.0,0.0,0.0,0.0,0.0,0.0,0.0,0.0,0.0,0.0,0.0,0.0,0.0,0.0,0.0,0.0,0.0,0.0,0.0,0.0,0.0,0.0,0.0,0.0,0.0,0.0,0.0,0.0,0.0,0.0,0.0,0.0,0.0,0.0,0.0,0.0,0.0,0.0,0.0,0.0,0.0,0.0,0.0,0.0,0.0,0.0,0.0,0.0,0.0,0.0,0.0,0.0,0.0,0.0,0.0,0.0,0.0,0.0,0.0,0.0,0.0,0.0,0.0,0.0,0.0,0.0,0.0,0.0,0.0,0.0,0.0,0.0,0.0,0.0,0.0,0.0,0.0,0.0,0.0,0.0,0.0,0.0,0.0,0.0,0.0,0.0,0.0
000858,20010331,0.5508000254631042,0.0,3.1219000816345215,8.289999961853027,3.474900007247925,6.650000095367432,0.0,2177885952.0,237722128.0,93413128.0,38304360.0,401700128.0,19840418.0,0.0,0.0,0.0,578141952.0,0.0,0.0,146460.90625,3544336128.0,0.0,0.0,0.0,5806600.0,0.0,1326479232.0,375089152.0,0.0,5534040.5,0.0,0.0,74026008.0,0.0,0.0,0.0,0.0,0.0,1786935040.0,5331271168.0,0.0,0.0,0.0,8611002.0,264520720.0,148930768.0,606840640.0,0.0,0.0,40244828.0,0.0,0.0,0.0,1069147968.0,0.0,0.0,23500000.0,0.0,0.0,0.0,0.0,23500000.0,1092647936.0,511200000.0,1776391296.0,352223968.0,0.0,1595935872.0,2872138.5,0.0,0.0,4235751168.0,5331271168.0,2000858496.0,1238131328.0,153490048.0,152235664.0,46574724.0,0.0,-5451392.0,0.0,0.0,5348519.0,0.0,0.0,421226592.0,0.0,402953.8125,986907.3125,0.0,0.0,420642656.0,138812080.0,-267425.96875,281563136.0,281563136.0,267425.96875,0.0,0.0,0.0,0.0,0.0,0.0,0.0,0.0,0.0,0.0,0.0,0.0,0.0,0.0,0.0,0.0,0.0,0.0,0.0,0.0,0.0,0.0,0.0,0.0,0.0,0.0,0.0,0.0,0.0,0.0,0.0,0.0,0.0,0.0,0.0,0.0,0.0,0.0,0.0,0.0,0.0,0.0,0.0,0.0,0.0,0.0,0.0,0.0,0.0,0.0,0.0,0.0,0.0,0.0,0.0,0.0,0.0,0.0,0.0,0.0,0.0,3.315000057220459,2.7739999294281006,203.7030029296875,-76.16000366210938,2.1510000228881836,97.8489990234375,0.0,26.273000717163086,1.2599999904632568,387.6600036621094,320.7200012207031,0.0,0.0,74.84500122070312,1.597000002861023,0.9940000176429749,0.40299999713897705,1.5709999799728394,1.0,56.0,0.6179999709129333,146.0,223.0,0.5389999747276306,0.0,0.7099999785423279,32.858001708984375,8.67199993133545,15.87399959564209,0.0,0.8399999737739563,0.0,0.0,0.0,17.760000228881836,21.049999237060547,7.671000003814697,61.880001068115234,6.650000095367432,4.151000022888184,14.069999694824219,5.670000076293945,14.071999549865723,38.119998931884766,9.663999557495117,2.328000068664551,-0.2720000147819519,0.0,415191264.0,0.0,0.0,20.5,66.48200225830078,61.446998596191406,16.312000274658203,24.881000518798828,4549.56591796875,100.0,0.0,-160.91000366210938,0.0,0.0,0.0,0.0,0.0,0.0,0.0,0.0,0.0,0.0,0.0,2000858496.0,421226592.0,281563136.0,0.0,0.0,0.0,0.0,0.0,511200000.0,144000000.0,0.0,0.0,0.0,0.0,0.0,0.0,0.0,0.0,0.0,0.0,0.0,0.0,0.0,0.0,0.0,0.0,0.0,0.0,0.0,0.0,0.0,0.0,0.0,0.0,0.0,0.0,0.0,0.0,0.0,0.0,0.0,4232878848.0,0.0,0.0,0.0,0.0,770102592.0,0.0,0.0,0.0,0.0,0.0,0.0,412763.59375,0.0,0.0,0.0,0.0,0.0,0.0,0.0,0.0,0.0,0.0,0.0,0.0,0.0,0.0,0.0,0.0,0.0,0.0,0.0,0.0,0.0,0.0,0.0,0.0,77010.2578125,0.0,0.0,0.5508000254631042,0.0,0.0,10331.0,0.0,0.0,0.0,0.0,0.0,0.0,-1.2699999809265137,-1.2699999809265137,101157.9765625,28156.310546875,0.0,0.0,0.0,123813.1328125,7.579999923706055,0.0,0.0,0.0,0.0,0.0,0.0,0.0,0.0,0.0,0.0,0.0,0.0,0.0,0.0,0.0,0.0,0.0,0.0,0.0,0.0,0.0,0.0,0.0,0.0,0.0,0.0,0.0,0.0,0.0,0.0,0.0,0.0,0.0,0.0,0.0,0.0,0.0,0.0,0.0,0.0,0.0,0.0,0.0,0.0,0.0,0.0,0.0,0.0,0.0,0.0,0.0,0.0,0.0,0.0,0.0,0.0,0.0,0.0,0.0,0.0,0.0,0.0,0.0,0.0,0.0,0.0,0.0,0.0,0.0,0.0,0.0,0.0,0.0,0.0,0.0,0.0,0.0,0.0,0.0,0.0,0.0,0.0,0.0,0.0,0.0,0.0,0.0,0.0,0.0,0.0,0.0,0.0,0.0,0.0,0.0,0.0,0.0,0.0,0.0,0.0,0.0,0.0,0.0,0.0,0.0,0.0,0.0,0.0,0.0,0.0,0.0,0.0,0.0,0.0,0.0,0.0,0.0,0.0,0.0,0.0,0.0,0.0,0.0,0.0,0.0,0.0,0.0,0.0,0.0,0.0,0.0,0.0,0.0,0.0,0.0,0.0,0.0,0.0,0.0,0.0,0.0,0.0,0.0,0.0,0.0,0.0,0.0,0.0,0.0,0.0,0.0,0.0,0.0,0.0,0.0,0.0,0.0,0.0,0.0,0.0,0.0,0.0,0.0,0.0,0.0,0.0,0.0,0.0,0.0,0.0,0.0,0.0,0.0,0.0,0.0,0.0,0.0,0.0,0.0,0.0,0.0,0.0,0.0,0.0,0.0,0.0,0.0,0.0,0.0,0.0,0.0,0.0,0.0,0.0,0.0,0.0,0.0,0.0,0.0,0.0,0.0,0.0,0.0,0.0,0.0,0.0,0.0,0.0,0.0,0.0,0.0,0.0,0.0,0.0,0.0,0.0,0.0,0.0,0.0,0.0,0.0,0.0,0.0,0.0,0.0,0.0,0.0,0.0,0.0,0.0,0.0,0.0,0.0,0.0,0.0,0.0,0.0,0.0,0.0,0.0,0.0,0.0,0.0,0.0,0.0,0.0,0.0,0.0,0.0,0.0,0.0
000962,20010331,0.26179999113082886,0.0,0.6262000203132629,3.25,1.4979000091552734,8.0600004196167,0.0,0.0,0.0,0.0,0.0,0.0,0.0,0.0,0.0,0.0,0.0,0.0,0.0,0.0,1663149952.0,0.0,0.0,0.0,0.0,0.0,0.0,0.0,0.0,42460000.0,0.0,0.0,0.0,0.0,0.0,0.0,0.0,0.0,277860000.0,1941010048.0,0.0,0.0,0.0,0.0,0.0,0.0,0.0,0.0,0.0,0.0,0.0,0.0,0.0,763990016.0,0.0,0.0,0.0,0.0,0.0,0.0,0.0,212160000.0,0.0,297000000.0,444889984.0,0.0,0.0,185980000.0,0.0,0.0,0.0,964860032.0,1941010048.0,678230016.0,0.0,0.0,63510000.0,0.0,0.0,0.0,0.0,0.0,0.0,0.0,0.0,0.0,0.0,0.0,60000.0,0.0,0.0,91080000.0,13330000.0,0.0,77750000.0,77750000.0,0.0,0.0,0.0,0.0,0.0,0.0,0.0,0.0,0.0,0.0,0.0,0.0,0.0,0.0,0.0,0.0,0.0,0.0,0.0,0.0,0.0,0.0,0.0,0.0,0.0,0.0,0.0,0.0,0.0,0.0,0.0,0.0,0.0,0.0,0.0,0.0,0.0,0.0,0.0,0.0,0.0,0.0,0.0,0.0,0.0,0.0,0.0,0.0,0.0,0.0,0.0,0.0,0.0,0.0,0.0,0.0,0.0,0.0,0.0,0.0,0.0,0.0,2.177000045776367,2.177000045776367,0.0,0.0,0.0,0.0,0.0,0.0,2.009999990463257,0.0,0.0,0.0,0.0,9.473999977111816,0.0,0.8299999833106995,0.4009999930858612,6.104000091552734,9.0,0.0,0.4779999852180481,188.0,225.0,0.7319999933242798,0.0,0.0,8.765000343322754,-100.0,34.49100112915039,0.0,0.0,0.0,0.0,0.0,122.41999816894531,0.0,0.0,0.0,8.0600004196167,0.0,11.460000038146973,4.59499979019165,11.46399974822998,0.0,9.36400032043457,0.0,0.0,0.0,91080000.0,0.0,0.0,0.0,85.68499755859375,0.0,0.0,0.0,360.10101318359375,128.19000244140625,-454.7799987792969,0.0,0.0,0.0,0.0,0.0,0.0,0.0,0.0,0.0,0.0,0.0,0.0,678230016.0,0.0,77750000.0,0.0,0.0,0.0,0.0,0.0,297000000.0,117000000.0,0.0,0.0,0.0,0.0,0.0,0.0,0.0,0.0,0.0,0.0,0.0,0.0,0.0,0.0,0.0,0.0,0.0,0.0,0.0,0.0,0.0,0.0,0.0,0.0,0.0,0.0,0.0,0.0,0.0,0.0,0.0,964860032.0,0.0,0.0,0.0,0.0,0.0,0.0,0.0,0.0,0.0,0.0,0.0,0.0,0.0,0.0,0.0,0.0,0.0,0.0,0.0,0.0,0.0,0.0,0.0,0.0,0.0,0.0,0.0,0.0,0.0,0.0,0.0,0.0,0.0,0.0,0.0,0.0,0.0,0.0,0.0,0.26179999113082886,0.0,0.0,10331.0,0.0,0.0,0.0,0.0,0.0,0.0,-0.28999999165534973,-0.28999999165534973,0.0,7775.0,0.0,0.0,0.0,0.0,8.140000343322754,0.0,0.0,0.0,0.0,0.0,0.0,0.0,0.0,0.0,0.0,0.0,0.0,0.0,0.0,0.0,0.0,0.0,0.0,0.0,0.0,0.0,0.0,0.0,0.0,0.0,0.0,0.0,0.0,0.0,0.0,0.0,0.0,0.0,0.0,0.0,0.0,0.0,0.0,0.0,0.0,0.0,0.0,0.0,0.0,0.0,0.0,0.0,0.0,0.0,0.0,0.0,0.0,0.0,0.0,0.0,0.0,0.0,0.0,0.0,0.0,0.0,0.0,0.0,0.0,0.0,0.0,0.0,0.0,0.0,0.0,0.0,0.0,0.0,0.0,0.0,0.0,0.0,0.0,0.0,0.0,0.0,0.0,0.0,0.0,0.0,0.0,0.0,0.0,0.0,0.0,0.0,0.0,0.0,0.0,0.0,0.0,0.0,0.0,0.0,0.0,0.0,0.0,0.0,0.0,0.0,0.0,0.0,0.0,0.0,0.0,0.0,0.0,0.0,0.0,0.0,0.0,0.0,0.0,0.0,0.0,0.0,0.0,0.0,0.0,0.0,0.0,0.0,0.0,0.0,0.0,0.0,0.0,0.0,0.0,0.0,0.0,0.0,0.0,0.0,0.0,0.0,0.0,0.0,0.0,0.0,0.0,0.0,0.0,0.0,0.0,0.0,0.0,0.0,0.0,0.0,0.0,0.0,0.0,0.0,0.0,0.0,0.0,0.0,0.0,0.0,0.0,0.0,0.0,0.0,0.0,0.0,0.0,0.0,0.0,0.0,0.0,0.0,0.0,0.0,0.0,0.0,0.0,0.0,0.0,0.0,0.0,0.0,0.0,0.0,0.0,0.0,0.0,0.0,0.0,0.0,0.0,0.0,0.0,0.0,0.0,0.0,0.0,0.0,0.0,0.0,0.0,0.0,0.0,0.0,0.0,0.0,0.0,0.0,0.0,0.0,0.0,0.0,0.0,0.0,0.0,0.0,0.0,0.0,0.0,0.0,0.0,0.0,0.0,0.0,0.0,0.0,0.0,0.0,0.0,0.0,0.0,0.0,0.0,0.0,0.0,0.0,0.0,0.0,0.0,0.0,0.0,0.0,0.0,0.0,0.0,0.0
001696,20010331,-0.02250000089406967,0.0,-1.0943000316619873,0.14000000059604645,0.13359999656677246,-16.010000228881836,0.0,590650.625,0.0,0.0,37941996.0,1258.6500244140625,106284944.0,0.0,0.0,0.0,15451956.0,0.0,17500.0,50000.0,40071868.0,0.0,17500.0,0.0,19797314.0,0.0,48714752.0,0.0,0.0,0.0,0.0,0.0,21988040.0,0.0,0.0,1086536.625,0.0,67459.0,91671600.0,123143472.0,66060000.0,0.0,0.0,12460394.0,3796780.5,664058.3125,8776929.0,0.0,34152.91015625,7883351.5,0.0,0.0,0.0,99675664.0,0.0,0.0,0.0,0.0,0.0,4262009.5,0.0,4262009.5,103937672.0,136864000.0,18281656.0,16906408.0,0.0,-149770560.0,0.0,0.0,0.0,19205794.0,123143472.0,770068.6875,960698.9375,18472.599609375,31381.689453125,1239540.75,0.0,1468285.875,0.0,0.0,56072.12890625,0.0,0.0,-2892239.0,0.0,288.75,183752.765625,0.0,0.0,-3075703.0,0.0,0.0,-3075703.0,-3075703.0,0.0,0.0,0.0,0.0,0.0,0.0,0.0,0.0,0.0,0.0,0.0,0.0,0.0,0.0,0.0,0.0,0.0,0.0,0.0,0.0,0.0,0.0,0.0,0.0,0.0,0.0,0.0,0.0,0.0,0.0,0.0,0.0,0.0,0.0,0.0,0.0,0.0,0.0,0.0,0.0,0.0,0.0,0.0,0.0,0.0,0.0,0.0,0.0,0.0,0.0,0.0,0.0,0.0,0.0,0.0,0.0,0.0,0.0,0.0,0.0,0.0,0.0,0.4020000100135803,0.24699999392032623,0.5929999947547913,-1.090000033378601,4.10099983215332,95.89900207519531,0.0,-3735.75,6.409999847412109,18.479999542236328,47.439998626708984,0.0,0.0,0.019999999552965164,0.05999999865889549,0.0,0.006000000052154064,0.01600000075995922,4483.0,1512.0,0.017999999225139618,5067.0,14828.0,0.03700000047683716,0.0,84.63999938964844,-13.803999900817871,-1.2419999837875366,-5.710000038146973,0.0,85.58999633789062,0.0,0.0,0.0,-82.72000122070312,-375.5799865722656,2.3989999294281006,124.75499725341797,-16.010000228881836,0.2840000092983246,-399.4100036621094,-2.4240000247955322,-399.406005859375,-24.75,355.7099914550781,160.96499633789062,190.66900634765625,0.0,-1607417.125,0.0,0.0,84.4000015258789,32.54100036621094,1.4739999771118164,38.56100082397461,39.558998107910156,2338.700927734375,22.510000228881836,29.040000915527344,75.2300033569336,0.0,0.0,0.0,0.0,0.0,0.0,0.0,0.0,0.0,0.0,0.0,770068.6875,-2892239.0,-3075703.0,0.0,0.0,0.0,0.0,0.0,136864000.0,51584000.0,0.0,0.0,0.0,0.0,0.0,0.0,0.0,0.0,0.0,0.0,0.0,0.0,0.0,0.0,0.0,0.0,0.0,0.0,0.0,0.0,0.0,0.0,0.0,0.0,0.0,0.0,0.0,0.0,0.0,0.0,0.0,19205794.0,0.0,0.0,0.0,0.0,-3075703.0,0.0,0.0,0.0,0.0,0.0,0.0,77.00686645507812,0.0,0.0,0.0,0.0,0.0,0.0,0.0,0.0,0.0,0.0,0.0,0.0,0.0,0.0,0.0,0.0,0.0,0.0,0.0,0.0,0.0,0.0,0.0,0.0,-307.57000732421875,0.0,0.0,-0.02250000089406967,0.0,10711.0,10331.0,0.0,0.0,0.0,0.0,0.0,0.0,0.0,0.0,-289.2200012207031,-307.57000732421875,0.0,0.0,63.619998931884766,96.06999969482422,-3.5399999618530273,0.0,0.0,0.0,0.0,0.0,0.0,0.0,0.0,0.0,0.0,0.0,0.0,0.0,0.0,0.0,0.0,0.0,0.0,0.0,0.0,0.0,0.0,0.0,0.0,0.0,0.0,0.0,0.0,0.0,0.0,0.0,0.0,0.0,0.0,0.0,0.0,0.0,0.0,0.0,0.0,0.0,0.0,0.0,0.0,0.0,0.0,0.0,0.0,0.0,0.0,0.0,0.0,0.0,0.0,0.0,0.0,0.0,0.0,0.0,0.0,0.0,0.0,0.0,0.0,0.0,0.0,0.0,0.0,0.0,0.0,0.0,0.0,0.0,0.0,0.0,0.0,0.0,0.0,0.0,0.0,0.0,0.0,0.0,0.0,0.0,0.0,0.0,0.0,0.0,0.0,0.0,0.0,0.0,0.0,0.0,0.0,0.0,0.0,0.0,0.0,0.0,0.0,0.0,0.0,0.0,0.0,0.0,0.0,0.0,0.0,0.0,0.0,0.0,0.0,0.0,0.0,0.0,0.0,0.0,0.0,0.0,0.0,0.0,0.0,0.0,0.0,0.0,0.0,0.0,0.0,0.0,0.0,0.0,0.0,0.0,0.0,0.0,0.0,0.0,0.0,0.0,0.0,0.0,0.0,0.0,0.0,0.0,0.0,0.0,0.0,0.0,0.0,0.0,0.0,0.0,0.0,0.0,0.0,0.0,0.0,0.0,0.0,0.0,0.0,0.0,0.0,0.0,0.0,0.0,0.0,0.0,0.0,0.0,0.0,0.0,0.0,0.0,0.0,0.0,0.0,0.0,0.0,0.0,0.0,0.0,0.0,0.0,0.0,0.0,0.0,0.0,0.0,0.0,0.0,0.0,0.0,0.0,0.0,0.0,0.0,0.0,0.0,0.0,0.0,0.0,0.0,0.0,0.0,0.0,0.0,0.0,0.0,0.0,0.0,0.0,0.0,0.0,0.0,0.0,0.0,0.0,0.0,0.0,0.0,0.0,0.0,0.0,0.0,0.0,0.0,0.0,0.0,0.0,0.0,0.0,0.0,0.0,0.0,0.0,0.0,0.0,0.0,0.0,0.0,0.0,0.0,0.0,0.0,0.0,0.0,0.0
600016,20010331,0.0,0.0,0.0,0.0,0.0,0.0,0.0,9296900096.0,0.0,0.0,0.0,0.0,0.0,0.0,0.0,0.0,0.0,0.0,0.0,0.0,0.0,0.0,10753729536.0,0.0,0.0,0.0,951729984.0,0.0,0.0,0.0,0.0,0.0,0.0,0.0,0.0,0.0,0.0,0.0,0.0,80690757632.0,0.0,0.0,0.0,0.0,0.0,0.0,0.0,0.0,0.0,0.0,0.0,0.0,0.0,0.0,0.0,0.0,0.0,0.0,0.0,0.0,0.0,0.0,74529611776.0,0.0,0.0,0.0,0.0,0.0,0.0,0.0,0.0,6161149952.0,80690757632.0,560390016.0,347329984.0,42160000.0,0.0,305169984.0,0.0,0.0,0.0,0.0,151060000.0,0.0,9980000.0,213060000.0,0.0,430000.0,400000.0,0.0,0.0,213090000.0,47690000.0,0.0,165400000.0,165400000.0,0.0,0.0,0.0,0.0,0.0,0.0,0.0,0.0,0.0,0.0,0.0,0.0,0.0,0.0,0.0,0.0,0.0,0.0,0.0,0.0,0.0,0.0,0.0,0.0,0.0,0.0,0.0,0.0,0.0,0.0,0.0,0.0,0.0,0.0,0.0,0.0,0.0,0.0,0.0,0.0,0.0,0.0,0.0,0.0,0.0,0.0,0.0,0.0,0.0,0.0,0.0,0.0,0.0,0.0,0.0,0.0,0.0,0.0,0.0,0.0,0.0,0.0,0.0,0.0,0.0,0.0,0.0,0.0,0.0,0.0,13.100000381469727,8.270000457763672,13.75,0.0,0.0,0.0,0.0,0.0,0.0,0.0,0.0,0.0,0.0,0.0,0.0,0.0,0.0,0.0,0.0,0.0,0.0,0.0,0.0,0.0,0.0,0.0,47.619998931884766,38.02000045776367,0.0,0.0,0.0,0.0,29.520000457763672,0.0,0.0,0.0,0.0,0.0,0.0,0.0,0.0,0.0,0.0,0.0,0.0,0.0,0.0,0.0,0.0,0.0,0.0,0.0,0.0,0.0,0.0,0.0,0.0,0.0,0.0,0.0,0.0,0.0,0.0,560390016.0,213060000.0,165400000.0,0.0,0.0,0.0,0.0,0.0,1730248320.0,350000000.0,0.0,0.0,0.0,0.0,0.0,0.0,0.0,0.0,0.0,0.0,0.0,0.0,0.0,0.0,0.0,0.0,0.0,0.0,0.0,0.0,0.0,0.0,0.0,0.0,0.0,0.0,0.0,0.0,0.0,0.0,0.0,6161149952.0,0.0,0.0,0.0,0.0,0.0,0.0,0.0,0.0,0.0,0.0,0.0,0.0,0.0,0.0,0.0,0.0,0.0,0.0,0.0,0.0,0.0,0.0,0.0,0.0,0.0,0.0,0.0,0.0,0.0,0.0,0.0,0.0,0.0,0.0,0.0,0.0,0.0,0.0,0.0,0.0,56039.0,0.0,10509.0,0.0,0.0,0.0,0.0,0.0,0.0,0.0,0.0,0.0,16540.0,0.0,0.0,0.0,0.0,0.0,0.0,0.0,0.0,0.0,0.0,0.0,0.0,0.0,0.0,0.0,0.0,0.0,0.0,0.0,0.0,0.0,0.0,0.0,0.0,0.0,0.0,0.0,0.0,0.0,0.0,0.0,0.0,0.0,0.0,0.0,0.0,0.0,0.0,0.0,0.0,0.0,0.0,0.0,0.0,0.0,0.0,0.0,0.0,0.0,0.0,0.0,0.0,0.0,0.0,0.0,0.0,0.0,0.0,0.0,0.0,0.0,0.0,0.0,0.0,0.0,0.0,0.0,0.0,0.0,0.0,0.0,0.0,0.0,0.0,0.0,0.0,0.0,0.0,1197147.0,0.0,0.0,0.0,0.0,0.0,0.0,0.0,0.0,0.0,6042834.0,904225.0,0.0,0.0,0.0,0.0,0.0,0.0,0.0,0.0,0.0,0.0,0.0,0.0,0.0,0.0,0.0,0.0,0.0,0.0,0.0,0.0,0.0,654956.0,0.0,0.0,0.0,4116737.0,0.0,0.0,0.0,0.0,0.0,0.0,0.0,0.0,0.0,0.0,0.0,0.0,0.0,0.0,0.0,0.0,0.0,0.0,0.0,0.0,0.0,0.0,0.0,0.0,0.0,0.0,0.0,0.0,0.0,0.0,0.0,0.0,0.0,0.0,0.0,0.0,0.0,0.0,0.0,0.0,0.0,0.0,0.0,0.0,0.0,0.0,0.0,0.0,0.0,0.0,0.0,0.0,0.0,0.0,0.0,0.0,0.0,0.0,0.0,0.0,0.0,56039.0,0.0,0.0,0.0,39935.0,0.0,0.0,32880.0,0.0,0.0,0.0,0.0,0.0,0.0,0.0,0.0,0.0,34733.0,0.0,0.0,0.0,0.0,0.0,0.0,0.0,0.0,0.0,0.0,0.0,0.0,0.0,0.0,0.0,0.0,0.0,0.0,0.0,0.0,0.0,0.0,0.0,0.0,0.0,0.0,0.0,0.0,0.0,0.0,0.0,0.0,0.0,0.0,0.0,0.0,0.0,0.0,0.0,0.0,0.0,0.0,0.0,0.0,0.0,0.0,0.0,0.0,0.0,0.0,0.0,0.0,0.0,0.0,0.0,0.0,0.0,0.0,0.0,0.0,0.0
600743,20010331,-0.002099999925121665,0.0,-1.2019000053405762,0.4699999988079071,0.573199987411499,-0.4399999976158142,0.0,14052348.0,0.0,0.0,80147592.0,735049.875,169580864.0,0.0,0.0,0.0,26522810.0,0.0,0.0,0.0,62505704.0,0.0,0.0,0.0,16653722.0,0.0,207907760.0,0.0,0.0,0.0,0.0,0.0,10714487.0,0.0,0.0,1184678.625,0.0,0.0,236460656.0,281517312.0,14931000.0,0.0,0.0,6537164.5,7976023.5,7799765.0,5150145.5,0.0,0.0,15602487.0,0.0,0.0,75019392.0,133015976.0,0.0,0.0,29320.0,0.0,0.0,0.0,0.0,29320.0,133045296.0,312800000.0,179311728.0,32323958.0,0.0,-375963648.0,0.0,0.0,0.0,148472032.0,281517312.0,68159968.0,65924424.0,137284.84375,1225405.625,2490848.0,0.0,225620.96875,0.0,0.0,0.0,0.0,0.0,-1843619.375,0.0,1266214.0,83005.140625,0.0,0.0,-660410.4375,0.0,0.0,-660410.4375,-660410.4375,0.0,0.0,0.0,0.0,0.0,0.0,0.0,0.0,0.0,0.0,0.0,0.0,0.0,0.0,0.0,0.0,0.0,0.0,0.0,0.0,0.0,0.0,0.0,0.0,0.0,0.0,0.0,0.0,0.0,0.0,0.0,0.0,0.0,0.0,0.0,0.0,0.0,0.0,0.0,0.0,0.0,0.0,0.0,0.0,0.0,0.0,0.0,0.0,0.0,0.0,0.0,0.0,0.0,0.0,0.0,0.0,0.0,0.0,0.0,0.0,0.0,0.0,0.4699999988079071,0.2709999978542328,10.564000129699707,-1.9299999475479126,0.02199999988079071,99.97799682617188,0.0,96.5790023803711,1.899999976158142,111.5999984741211,166.8300018310547,0.0,0.0,0.8560000061988831,2.438999891281128,0.0,0.23999999463558197,0.32499998807907104,105.0,37.0,1.0800000429153442,83.0,375.0,0.4580000042915344,0.0,0.0,-0.4429999887943268,-1.4559999704360962,-1.6640000343322754,0.0,0.0,0.0,0.0,0.0,-0.9399999976158142,-2.700000047683716,0.20100000500679016,96.72000122070312,-0.4399999976158142,0.0,-0.9700000286102295,-0.2329999953508377,-0.968999981880188,3.2799999713897705,5.7829999923706055,3.6540000438690186,0.3310000002384186,0.0,-434789.5,0.0,0.0,47.2599983215332,22.202999114990234,22.48200035095215,42.43299865722656,73.85299682617188,453669.75,90.86000061035156,994.3900146484375,25261.44921875,0.0,0.0,0.0,0.0,0.0,0.0,0.0,0.0,0.0,0.0,0.0,68159968.0,-1843619.375,-660410.4375,0.0,0.0,0.0,0.0,0.0,312800000.0,78200000.0,0.0,0.0,0.0,0.0,0.0,0.0,0.0,0.0,0.0,0.0,0.0,0.0,0.0,0.0,0.0,0.0,0.0,0.0,0.0,0.0,0.0,0.0,0.0,0.0,0.0,0.0,0.0,0.0,0.0,0.0,0.0,148472032.0,0.0,0.0,0.0,0.0,0.0,0.0,0.0,0.0,0.0,0.0,0.0,0.0,0.0,0.0,0.0,0.0,0.0,0.0,0.0,0.0,0.0,0.0,0.0,0.0,0.0,0.0,0.0,0.0,0.0,0.0,0.0,0.0,0.0,0.0,0.0,0.0,0.0,0.0,0.0,-0.002099999925121665,0.0,10625.0,10331.0,0.0,0.0,0.0,0.0,0.0,0.0,-0.009999999776482582,-0.009999999776482582,0.0,-66.04000091552734,0.0,0.0,11.220000267028809,6592.43994140625,-0.4000000059604645,0.0,0.0,0.0,0.0,0.0,0.0,0.0,0.0,0.0,0.0,0.0,0.0,0.0,0.0,0.0,0.0,0.0,0.0,0.0,0.0,0.0,0.0,0.0,0.0,0.0,0.0,0.0,0.0,0.0,0.0,0.0,0.0,0.0,0.0,0.0,0.0,0.0,0.0,0.0,0.0,0.0,0.0,0.0,0.0,0.0,0.0,0.0,0.0,0.0,0.0,0.0,0.0,0.0,0.0,0.0,0.0,0.0,0.0,0.0,0.0,0.0,0.0,0.0,0.0,0.0,0.0,0.0,0.0,0.0,0.0,0.0,0.0,0.0,0.0,0.0,0.0,0.0,0.0,0.0,0.0,0.0,0.0,0.0,0.0,0.0,0.0,0.0,0.0,0.0,0.0,0.0,0.0,0.0,0.0,0.0,0.0,0.0,0.0,0.0,0.0,0.0,0.0,0.0,0.0,0.0,0.0,0.0,0.0,0.0,0.0,0.0,0.0,0.0,0.0,0.0,0.0,0.0,0.0,0.0,0.0,0.0,0.0,0.0,0.0,0.0,0.0,0.0,0.0,0.0,0.0,0.0,0.0,0.0,0.0,0.0,0.0,0.0,0.0,0.0,0.0,0.0,0.0,0.0,0.0,0.0,0.0,0.0,0.0,0.0,0.0,0.0,0.0,0.0,0.0,0.0,0.0,0.0,0.0,0.0,0.0,0.0,0.0,0.0,0.0,0.0,0.0,0.0,0.0,0.0,0.0,0.0,0.0,0.0,0.0,0.0,0.0,0.0,0.0,0.0,0.0,0.0,0.0,0.0,0.0,0.0,0.0,0.0,0.0,0.0,0.0,0.0,0.0,0.0,0.0,0.0,0.0,0.0,0.0,0.0,0.0,0.0,0.0,0.0,0.0,0.0,0.0,0.0,0.0,0.0,0.0,0.0,0.0,0.0,0.0,0.0,0.0,0.0,0.0,0.0,0.0,0.0,0.0,0.0,0.0,0.0,0.0,0.0,0.0,0.0,0.0,0.0,0.0,0.0,0.0,0.0,0.0,0.0,0.0,0.0,0.0,0.0,0.0,0.0,0.0,0.0,0.0,0.0,0.0,0.0,0.0,0.0
600855,20010331,0.03200000151991844,0.0,0.0,1.100000023841858,0.0,2.940000057220459,0.0,0.0,0.0,0.0,0.0,0.0,0.0,0.0,0.0,0.0,0.0,0.0,0.0,158457408.0,158457408.0,0.0,0.0,0.0,0.0,0.0,0.0,0.0,0.0,0.0,0.0,0.0,0.0,0.0,0.0,0.0,0.0,0.0,118132096.0,331354304.0,0.0,0.0,0.0,0.0,0.0,0.0,0.0,0.0,0.0,0.0,0.0,0.0,85176200.0,85176200.0,50690300.0,0.0,0.0,0.0,0.0,0.0,0.0,50690300.0,176089904.0,0.0,0.0,0.0,0.0,0.0,0.0,0.0,0.0,184648896.0,331354304.0,25773200.0,0.0,0.0,7054900.0,0.0,0.0,0.0,0.0,0.0,-540100.0,0.0,0.0,-540100.0,0.0,0.0,10900.0,0.0,0.0,0.0,749900.0,0.0,5171100.0,5171100.0,0.0,0.0,0.0,0.0,0.0,0.0,0.0,0.0,0.0,0.0,0.0,0.0,0.0,0.0,0.0,0.0,0.0,0.0,0.0,0.0,0.0,0.0,0.0,0.0,0.0,0.0,0.0,0.0,0.0,0.0,0.0,0.0,0.0,0.0,0.0,0.0,0.0,0.0,0.0,0.0,0.0,0.0,0.0,0.0,0.0,0.0,0.0,0.0,0.0,0.0,0.0,0.0,0.0,0.0,0.0,0.0,0.0,0.0,0.0,0.0,0.0,0.0,1.8600000143051147,1.8600000143051147,0.0,0.0,28.78700065612793,48.37099838256836,0.0,95.36499786376953,1.7899999618530273,104.86000061035156,0.0,0.0,0.0,0.0,0.0,0.32600000500679016,0.0820000022649765,0.0,0.0,0.0,0.16699999570846558,538.0,1101.0,0.1420000046491623,0.0,0.0,2.9739999771118164,0.0,10.836000442504883,0.0,0.0,0.0,0.0,0.0,73.30000305175781,-2.0999999046325684,0.0,0.0,2.940000057220459,0.0,20.059999465942383,1.6410000324249268,20.06399917602539,0.0,27.37299919128418,0.0,0.0,0.0,0.0,0.0,0.0,53.13999938964844,47.82099914550781,0.0,0.0,0.0,168.0330047607422,67.01000213623047,203.10000610351562,0.0,0.0,0.0,0.0,0.0,0.0,0.0,0.0,0.0,0.0,0.0,0.0,25773200.0,-540100.0,5171100.0,0.0,0.0,0.0,0.0,0.0,160080000.0,52989000.0,0.0,0.0,0.0,0.0,0.0,0.0,0.0,0.0,0.0,0.0,0.0,0.0,0.0,0.0,0.0,0.0,0.0,0.0,0.0,0.0,0.0,0.0,0.0,0.0,0.0,0.0,0.0,0.0,0.0,0.0,0.0,184648896.0,0.0,0.0,0.0,0.0,0.0,0.0,0.0,0.0,0.0,0.0,0.0,0.0,0.0,0.0,0.0,0.0,0.0,0.0,0.0,0.0,0.0,0.0,0.0,0.0,0.0,0.0,0.0,0.0,0.0,0.0,0.0,0.0,0.0,0.0,0.0,0.0,0.0,0.0,0.0,0.03200000151991844,0.0,0.0,10331.0,0.0,0.0,0.0,0.0,0.0,0.0,0.07000000029802322,0.07000000029802322,0.0,517.1099853515625,0.0,0.0,51.630001068115234,0.0,2.0899999141693115,0.0,0.0,0.0,0.0,0.0,0.0,0.0,0.0,0.0,0.0,0.0,0.0,0.0,0.0,0.0,0.0,0.0,0.0,0.0,0.0,0.0,0.0,0.0,0.0,0.0,0.0,0.0,0.0,0.0,0.0,0.0,0.0,0.0,0.0,0.0,0.0,0.0,0.0,0.0,0.0,0.0,0.0,0.0,0.0,0.0,0.0,0.0,0.0,0.0,0.0,0.0,0.0,0.0,0.0,0.0,0.0,0.0,0.0,0.0,0.0,0.0,0.0,0.0,0.0,0.0,0.0,0.0,0.0,0.0,0.0,0.0,0.0,0.0,0.0,0.0,0.0,0.0,0.0,0.0,0.0,0.0,0.0,0.0,0.0,0.0,0.0,0.0,0.0,0.0,0.0,0.0,0.0,0.0,0.0,0.0,0.0,0.0,0.0,0.0,0.0,0.0,0.0,0.0,0.0,0.0,0.0,0.0,0.0,0.0,0.0,0.0,0.0,0.0,0.0,0.0,0.0,0.0,0.0,0.0,0.0,0.0,0.0,0.0,0.0,0.0,0.0,0.0,0.0,0.0,0.0,0.0,0.0,0.0,0.0,0.0,0.0,0.0,0.0,0.0,0.0,0.0,0.0,0.0,0.0,0.0,0.0,0.0,0.0,0.0,0.0,0.0,0.0,0.0,0.0,0.0,0.0,0.0,0.0,0.0,0.0,0.0,0.0,0.0,0.0,0.0,0.0,0.0,0.0,0.0,0.0,0.0,0.0,0.0,0.0,0.0,0.0,0.0,0.0,0.0,0.0,0.0,0.0,0.0,0.0,0.0,0.0,0.0,0.0,0.0,0.0,0.0,0.0,0.0,0.0,0.0,0.0,0.0,0.0,0.0,0.0,0.0,0.0,0.0,0.0,0.0,0.0,0.0,0.0,0.0,0.0,0.0,0.0,0.0,0.0,0.0,0.0,0.0,0.0,0.0,0.0,0.0,0.0,0.0,0.0,0.0,0.0,0.0,0.0,0.0,0.0,0.0,0.0,0.0,0.0,0.0,0.0,0.0,0.0,0.0,0.0,0.0,0.0,0.0,0.0,0.0,0.0,0.0,0.0,0.0,0.0,0.0
